TOWN,TOWN_ID,POP1980,POP1990,POP2000,POPCH80_90,POPCH90_00,TYPE,FOURCOLOR,FIPS_STCO,SUM_ACRES,SUM_SQUARE,POP2010,POPCH00_10,SHAPE_Leng,SHAPE_Area,Chief Municipal Offiical,Policy Board,Policy Board Member Count,Legislative Body,Legislative Body Member Count,Wardless City,Town w/City Form of Government,Town/City,Notes,Home Rule 43B Adoption Year,Optional Plan of City Government,DOR Code,Fiscal Year,General Government,Police,Fire,Other Public Safety,Education,Public Works,Human Services,Culture and Recreation,Fixed Costs,Intergovernmental Assessments,Other Expenditures,Debt Service,Total Expenditures
WELLESLEY,317,26658,26615,26604,-43,-11,T,2,25021,6749.852,10.547,27982,1378,26738.5943686,27269576.387,Executive Director,Selectmen,5,Representative Town Meeting,,false,false,Town,,,,317,2019,14877603,6425190,5565866,647245,75717428,9170021,1372282,2973495,24948511,1262764,79326,16704655,159744386
NEEDHAM,199,27310,27557,28924,247,1367,T,4,25021,8130.187,12.703,28886,-38,28960.0128249,32947766.8198,Town Manager,Selectmen,5,Representative Town Meeting,,false,false,Town,,,,199,2019,8315446,6630729,8053946,2386779,78619687,5486429,1747253,2485696,29149912,1389486,556798,9996903,154819064
PETERSHAM,234,997,1131,1180,134,49,T,3,25027,43675.599,68.243,1234,54,73405.7066295,176748924.117,Administrative Coordinator,Select Board,3,Open Town Meeting,,false,false,Town,,,,234,2019,288557,235350,81727,20801,2320349,409279,44935,52011,380875,72036,2678,152555,4061153
READING,246,22545,22539,23708,-6,1169,T,3,25017,6393.727,9.99,24747,1039,23126.4713027,25874497.0427,Town Manager,Select Board,5,Representative Town Meeting,,false,false,Town,,1986,,246,2019,6016699,6041337,5238394,186104,47701011,5481588,606862,2481219,17401913,759218,26182,4478865,96419392
QUINCY,243,83682,84985,88025,1303,3040,C,3,25021,11080.397,17.313,92271,4246,87188.9342746,44840777.0498,Mayor,,,Council,9,false,false,City,,,A,243,2019,17803172,30693076,24657672,5325619,104017693,18441952,3217431,6971268,79420708,3932620,9307,19022709,313513227
CHESTERFIELD,60,1157,1048,1201,-109,153,T,2,25015,19996.249,31.244,1222,21,42557.3961167,80921923.0904,Town Administrator,Selectmen,3,Open Town Meeting,,false,false,Town,,,,060,2019,562069,69850,39204,97000,1966295,607517,58560,30029,199711,8675,0,156491,3795401
SOUTHBOROUGH,277,6405,6628,8781,223,2153,T,1,25027,9934.954,15.523,9767,986,27678.8005301,40205358.4962,Town Administrator,Selectmen,5,Open Town Meeting,,false,false,Town,,,,277,2019,3039971,2093397,2427767,191094,29029391,3297113,669529,650369,7544427,135569,267230,3355745,52701602
MILFORD,185,24115,25359,26799,1244,1440,T,3,25027,9614.793,15.023,27999,1200,28283.5758761,38909665.2671,Town Administrator,Selectmen,3,Representative Town Meeting,,false,false,Town,,,,185,2019,4867353,6779557,4246479,1230678,51091648,6079076,886073,2124466,17166383,1789802,0,5134286,101395801
BOYLSTON,39,3412,3517,4083,105,566,T,3,25027,12639.985,19.75,4355,272,30445.5078621,51152172.7767,Town Administrator,Selectmen,3,Open Town Meeting,,false,false,Town,,,,039,2019,918524,1404029,596961,227963,9442575,994881,126524,268455,1845597,76937,0,405125,16307571
PLAINVILLE,238,6173,6871,7683,698,812,T,2,25021,7357.832,11.497,8264,581,23823.9325694,29776042.2377,Town Administrator,Selectmen,3,Open Town Meeting,,false,false,Town,,,,238,2019,1535689,2398456,2595881,1245076,16964951,2327344,457858,301794,4699054,1057468,0,3334915,36918486
NEW BEDFORD,201,97738,99922,93768,2184,-6154,C,2,25005,12978.713,20.279,95072,1304,53467.7027246,52522965.3551,Mayor,,,Council,11,false,false,City,,,B,201,2019,22307936,25552623,18610601,4247830,142617314,11054372,4870590,4838366,29078535,19063095,0,11825635,294066897
MARBLEHEAD,168,19755,19971,20377,216,406,T,4,25009,2798.917,4.374,19808,-569,28931.4075481,11293625.833,Town Administrator,Selectmen,5,Open Town Meeting,,false,false,Town,,,,168,2019,2399378,4265038,3888886,529340,39860882,5084798,666454,2059878,14633420,2995396,0,6734427,83117897
LONGMEADOW,159,16213,15467,15633,-746,166,T,2,25013,6140.561,9.595,15784,151,19827.9859619,24849962.8951,Town Manager,Select Board,5,Open Town Meeting,,false,false,Town,,2004,,159,2019,3861068,2962007,2418061,43691,34459358,2784325,654961,1218865,4245204,331010,481500,4805490,58265540
GRANVILLE,112,1298,1403,1521,105,118,T,4,25013,27592.743,43.113,1566,45,43645.0857766,111663887.564,Town Administrator,Select Board,3,Open Town Meeting,,false,false,Town,,,,112,2019,385923,187395,189917,83899,1860670,826666,11056,46809,190619,3784,0,120258,3906996
WEBSTER,316,14795,16196,16415,1401,219,T,3,25027,9341.608,14.596,16767,352,26033.4284511,37804130.9817,Town Administrator,Selectmen,5,Open Town Meeting,,false,false,Town,,1987,,316,2019,2113745,3191268,755031,448588,24014984,1505522,469958,425183,4301082,1367435,0,2871594,41464390
SOUTHBRIDGE,278,16629,17816,17214,1187,-602,TC,4,25027,13350.23,20.86,16719,-495,35822.368583,54026424.1603,Town Manager,,,Council,9,false,true,City,,1974,,278,2019,2754263,3809120,2339506,134641,27696570,2198029,866233,542592,8061150,2538369,17800,2484319,53442592
SALISBURY,259,6745,6882,7827,137,945,T,4,25009,10113.036,15.802,8283,456,57740.2672366,40926012.8804,Town Manager,Selectmen,5,Open Town Meeting,,false,false,Town,,1988,,259,2019,1834460,3110911,1878553,284556,12813355,1582238,483213,443749,3073748,146264,0,1379012,27030059
AMHERST,8,32804,35228,34874,2424,-354,T,4,25015,17762.606,27.754,37819,2945,40766.3448474,71882639.8808,Town Manager,Select Board,5,Representative Town Meeting,,false,true,Town,"Amherst voted in 2018 to change from a town manager and representative town meeting form of government to a city form of government with a town manager and 13-member town council, effective Dec. 3, 2018.",,,008,2019,4187653,5061464,4668604,1387821,39552600,1923807,685174,3467782,9487397,3314503,0,1869898,75606703
CONCORD,67,16455,17076,16993,621,-83,T,3,25017,16532.471,25.832,17668,675,36342.9715231,66904557.6467,Town Manager,Select Board,5,Open Town Meeting,,false,false,Town,,1957,,067,2019,7201954,4840159,4840825,514328,61988719,4436813,1102716,2469894,9678142,517486,834941,6808777,105234754
WINDSOR,345,589,770,875,181,105,T,1,25003,22503.495,35.162,899,24,39079.4720296,91068360.4911,,Select Board,3,Open Town Meeting,,false,false,Town,,,,345,2019,305207,34722,327471,12251,1004578,476865,7493,4124,112441,0,5298,0,2290450
TAUNTON,293,45411,49832,55976,4421,6144,C,2,25005,30878.267,48.247,55874,-102,88274.8208818,124959892.697,Mayor,,,Council,9,false,false,City,,,,293,2019,7821785,18037176,13532661,1311225,88139492,10659290,2535505,3266899,48789354,3097921,57430,5487898,202736636
WAREHAM,310,19206,19232,20335,26,1103,T,1,25023,23772.067,37.144,21822,1487,153731.20176,96202168.4233,Town Administrator,Selectmen,5,Open Town Meeting,,false,false,Town,,1977,,310,2019,3714558,5855732,0,900614,33113065,2567233,575274,304002,12729000,4227172,509316,431993,64927959
NORTH BROOKFIELD,212,4175,4708,4683,533,-25,T,2,25027,14046.251,21.947,4680,-3,31053.5746717,56843153.5726,,Selectmen,3,Open Town Meeting,,false,false,Town,,,,212,2019,545404,614705,140354,175065,6447961,930771,131542,120613,2303548,622557,0,953183,12985703
CHARLTON,54,7480,9576,11263,2096,1687,T,3,25027,28024.836,43.789,12981,1718,47894.2110025,113412507.223,Town Administrator,Selectmen,5,Open Town Meeting,,false,false,Town,,,,054,2019,2633282,2359230,1838120,231821,15777596,1506132,357092,508562,2833272,68860,100087,897754,29111808
RANDOLPH,244,28355,30093,30963,1738,870,TC,1,25021,6664.926,10.414,32112,1149,24248.340309,26971975.0321,Town Manager,,,Council,9,false,true,City,,,,244,2019,3480263,7583358,6621491,459596,46256238,4640818,768065,1078948,17734077,8126324,0,3833666,100582844
SHEFFIELD,267,2752,2910,3335,158,425,T,2,25003,31065.202,48.539,3257,-78,48428.6955453,125716295.533,Town Administrator,Selectmen,3,Open Town Meeting,,false,false,Town,,,,267,2019,950022,481187,128050,65654,7061723,579981,205650,175165,700934,40255,0,0,10388621
NEWBURYPORT,206,16545,16317,17189,-228,872,C,2,25009,5596.913,8.746,17416,227,40862.9400995,22644709.408,Mayor,,,Council,11,false,false,City,,1919,B,206,2019,3005375,3856304,3873723,824494,30876472,4595275,1280102,1625937,13661993,2925052,0,6560589,73085316
MAYNARD,174,9822,10325,10433,503,108,T,4,25017,3435.604,5.368,10106,-327,14674.5841294,13903410.0021,Town Administrator,Selectmen,5,Open Town Meeting,,false,false,Town,,,,174,2019,2628306,2536882,2241522,270796,20281631,2371234,207065,570642,8278020,1170299,0,3537513,44093910
TEWKSBURY,295,24556,27266,28847,2710,1581,T,1,25017,13534.341,21.147,28961,114,34481.7160109,54771580.8577,Town Manager,Selectmen,5,Open Town Meeting,,false,false,Town,,,,295,2019,3001868,7741384,5701415,361441,53845048,7591577,1036916,1850780,8959553,1701352,0,9477215,101268549
FITCHBURG,97,39740,41194,39102,1454,-2092,C,4,25027,17994.628,28.116,40318,1216,40863.5567633,72821334.2005,Mayor,,,Council,11,false,false,City,,,B,097,2019,6146946,8235153,7505589,587194,63281391,7788070,2001688,1352070,15638920,933661,121985,5284384,118877051
LANCASTER,147,6437,6661,7380,224,719,T,4,25027,17909.595,27.984,8055,675,40992.8516576,72477533.4367,Town Administrator,Selectmen,3,Open Town Meeting,,false,false,Town,,,,147,2019,1595681,1081171,606399,286976,14393555,736814,127493,400977,1476211,134344,0,1135856,21975477
DIGHTON,76,5349,5631,6175,282,544,T,4,25005,14188.318,22.169,7086,911,40722.2684056,57418091.61,Town Administrator,Selectmen,3,Open Town Meeting,,false,false,Town,,,,076,2019,1527726,1461648,743386,1230677,11520636,1669484,376039,346479,1829566,167863,7399,425287,21306190
CHELSEA,57,26058,28710,35116,2652,6406,C,3,25025,1415.922,2.212,35177,61,13794.4788994,5730029.66375,Manager,,,Council,11,false,false,City,,,,057,2019,5191510,12165647,10185138,3037575,92153553,8228601,1337198,709325,16899018,16279647,0,4157494,170344706
ATHOL,15,10560,11451,11299,891,-152,T,1,25027,21352.105,33.362,11584,285,48172.8976253,86408829.4903,Town Manager,Selectmen,5,Open Town Meeting,,false,false,Town,,,,015,2019,0,0,0,0,0,0,0,0,0,0,0,0,0
CHESHIRE,58,3310,3479,3401,169,-78,T,4,25003,17610.64,27.516,3235,-166,42302.4966534,71267709.4712,Town Administrator,Selectmen,3,Open Town Meeting,,false,false,Town,"Cheshire voted in 2018 to change its Board of Selectmen from three members to five, effective after the townâ€™s spring 2019 municipal election.",,,058,2019,545798,126589,40891,63613,3148781,997899,57450,29949,315705,29393,25495,253336,5634899
ESSEX,92,2931,3260,3267,329,7,T,1,25009,9124.23,14.254,3504,237,121513.894542,36924445.0559,Town Administrator,Selectmen,3,Open Town Meeting,,false,false,Town,,,,092,2019,1252014,1215845,286966,230261,8843871,1028927,332143,163638,1103146,72321,0,98294,14627426
WARE,309,9228,9808,9707,580,-101,T,4,25015,25585.239,39.977,9872,165,58487.9206564,103539764.539,Town Manager,Selectmen,5,Open Town Meeting,,false,false,Town,,,,309,2019,1220221,1629736,1060156,746073,16120988,1233224,672498,356259,6038120,50743,0,1655776,30783794
NANTUCKET,197,5876,6012,9520,136,3508,T,1,25019,31303.187,48.912,10172,652,168031.506775,126679466.801,Town Manager,Select Board,5,Open Town Meeting,,false,false,Town,,,,197,2019,8470540,6386863,2772179,2728563,29055253,3594000,655277,1125307,5993426,734866,0,7028654,68544928
EGREMONT,90,1270,1229,1345,-41,116,T,3,25003,12086.328,18.885,1225,-120,33351.0120596,48911652.316,,Selectmen,3,Open Town Meeting,,false,false,Town,,,,090,2019,574043,431724,152163,64638,1739969,1165118,95486,66977,505777,1146,15532,93570,4906143
DEERFIELD,74,4503,5018,4750,515,-268,T,1,25011,21408.781,33.451,5125,375,45089.6433096,86638250.7133,Town Administrator,Select Board,3,Open Town Meeting,,false,false,Town,,,,074,2019,1044383,966918,0,96459,8928878,1286921,83202,249038,1511513,391634,0,1170396,15729342
CONWAY,68,1342,1529,1809,187,280,T,4,25011,24241.121,37.877,1897,88,47214.163901,98100323.4513,Town Administrator,Select Board,3,Open Town Meeting,,false,false,Town,,,,068,2019,489715,168496,60183,51210,3495454,620751,168196,6065,637994,147435,0,33588,5879087
DALTON,70,6669,7155,6892,486,-263,T,2,25003,13996.15,21.869,6756,-136,38162.8444556,56640387.3984,Town Manager,Select Board,5,Open Town Meeting,,false,false,Town,,,,070,2019,1045960,1078023,0,210197,8775263,1801805,307972,280064,1336320,33654,0,341767,15211025
PEABODY,229,46140,47039,48134,899,1095,C,1,25009,10754.126,16.803,51251,3117,29568.6219334,43520406.4086,Mayor,,,Council,11,false,false,City,,,D,229,2019,5319740,11077938,10325211,212678,70228910,25207715,2976576,4028655,35428078,1946642,253815,8245931,175251889
AGAWAM,5,26754,27323,28144,569,821,TC,4,25013,15574.332,24.335,28438,294,38060.7130344,63021907.2593,Mayor,,,Council,11,false,true,City,,1972,A,005,2019,7872090,5727305,4171339,298855,45113563,6231042,1456615,1330876,17622768,1184037,1596,2440648,93450734
MEDFIELD,175,10564,10531,12273,-33,1742,T,4,25021,9379.074,14.655,12024,-249,33821.8547328,37955730.4077,Town Administrator,Selectmen,3,Open Town Meeting,,false,false,Town,,1972,,175,2019,2507603,2892173,1244471,333446,35107259,3183513,503588,1186756,7698410,848608,0,6459870,61965697
WORCESTER,348,159843,169759,172648,9916,2889,C,3,25027,24602.486,38.441,181045,8397,42619.2767683,99562707.1317,Mayor-Manager,,,Council,11,false,false,City,,,,348,2019,18167238,51654596,39776482,6261623,282313441,22179960,3892620,12001053,45355279,33275131,0,52680398,567557821
SWAMPSCOTT,291,13499,13650,14412,151,762,T,1,25009,1984.475,3.101,13787,-625,14765.4861437,8030877.99235,Town Administrator,Selectmen,5,Representative Town Meeting,,false,false,Town,,1969,,291,2019,3391766,4171538,3597261,236507,29446235,1439155,1631529,760649,11059558,874031,77410,3307292,59992931
WAYLAND,315,12211,11874,13100,-337,1226,T,1,25017,10146.912,15.854,12994,-106,35891.3483759,41063123.7161,Town Administrator,Selectmen,5,Open Town Meeting,,false,false,Town,,,,315,2019,0,0,0,0,0,0,0,0,0,0,0,0,0
FALMOUTH,96,25007,27960,32660,2953,4700,T,2,25001,29443.151,46.007,31531,-1129,175569.132225,117907082.449,Town Manager,Selectmen,5,Representative Town Meeting,,false,false,Town,,,,096,2019,6724259,6955108,7667883,2708137,50897913,14697956,1554409,4590744,23129393,3632780,894297,16142449,139595328
HUBBARDSTON,140,1891,2797,3909,906,1112,T,2,25027,26870.876,41.986,4382,473,42240.6574718,108742604.602,Town Administrator,Selectmen,5,Open Town Meeting,,false,false,Town,,,,140,2019,672981,606349,445457,212822,5156951,790207,73964,85581,530084,11693,0,269304,8855393
FAIRHAVEN,94,15646,16132,16159,486,27,T,4,25005,7941.612,12.409,15873,-286,74696.2180333,32138518.5591,Executive Secretary,Selectmen,3,Representative Town Meeting,,false,false,Town,,,,094,2019,3228225,3987954,2681429,541048,22354315,3678193,1038522,1284475,4417708,490757,0,1173342,44875968
SANDWICH,261,10756,15489,20136,4733,4647,T,1,25001,28109.487,43.921,20675,539,93179.4186685,113755012.425,Town Manager,Selectmen,5,Open Town Meeting,,false,false,Town,,,,261,2019,4721103,4698535,5022303,341465,35844730,2306856,777358,1651180,16252730,4752331,593173,3063001,80024765
MARSHFIELD,171,21881,21531,24324,-350,2793,T,3,25023,18274.999,28.553,25132,808,111569.449874,73955197.0742,Town Administrator,Selectmen,3,Open Town Meeting,,false,false,City,,1976,,171,2019,3653953,5754129,5119237,584213,48528878,3522023,980928,805223,14333907,884449,543959,10041047,94751946
GOSHEN,108,734,830,921,96,91,T,1,25015,11327.194,17.699,1054,133,33728.8052527,45839467.9015,,Select Board,3,Open Town Meeting,,false,false,Town,,,,108,2019,304214,82451,66083,67287,1497742,413286,52506,16708,156881,1899,0,83084,2742141
NORTHBOROUGH,215,10741,11929,14013,1188,2084,T,4,25027,11995.727,18.743,14155,142,30234.1312189,48545037.7848,Town Administrator,Selectmen,55,Open Town Meeting,,false,false,Town,,1970,,215,2019,2744773,2626580,2012442,241852,37040885,2294548,657565,1264144,8014844,244460,0,2796193,59938286
ACUSHNET,3,8808,9554,10161,746,607,T,3,25005,12081.818,18.878,10303,142,31637.6693251,48893374.4889,Town Administrator,Selectmen,3,Open Town Meeting,,false,false,Town,,1971,,003,2019,1663624,2283230,461702,852091,16217139,1946695,537317,349051,3024014,233401,156266,521415,28245945
MARION,169,4027,4496,5123,469,627,T,4,25023,9036.472,14.121,4907,-216,72929.446918,36569314.7003,Town Administrator,Selectmen,3,Open Town Meeting,,false,false,Town,,,,169,2019,2369693,1980892,1128764,489419,11050790,1916198,390987,334081,2750839,110251,0,599158,23121072
BURLINGTON,48,22959,23302,22876,343,-426,T,4,25017,7591.924,11.862,24498,1622,23754.8720487,30723422.276,Town Administrator,Selectmen,5,Representative Town Meeting,,false,false,Town,,,,048,2019,4693465,8998106,7097072,784848,64630466,12825564,1574297,3638087,14462580,765795,508303,5303197,125281780
LENOX,152,6528,5069,5077,-1459,8,T,3,25003,13866.883,21.667,5025,-52,37492.1676941,56117318.0037,Chief Administrative Officer,Selectmen,5,Open Town Meeting,,false,false,Town,,,,152,2019,1353195,1015242,1143640,613106,10284131,1537781,216427,707275,3983439,259191,32438,287000,21432865
HAWLEY,129,336,317,336,-19,19,T,4,25011,19727.582,30.824,337,1,36522.7592474,79085514.7212,,Selectmen,3,Open Town Meeting,,false,false,Town,,,,129,2019,108560,1000,23699,7657,424457,498824,4166,0,76848,6457,0,31200,1182868
BECKET,22,1480,1481,1755,1,274,T,1,25003,30587.106,47.792,1779,24,50063.7608395,123781626.304,Town Administrator,Selectmen,3,Open Town Meeting,,false,false,Town,,,,022,2019,825288,414510,28486,184807,2431589,956542,93987,82101,733770,10976,0,222973,5985029
GREAT BARRINGTON,113,7314,7725,7527,411,-198,T,4,25003,29292.143,45.769,7104,-423,47940.6475627,118541056.236,Town Manager,Select Board,5,Open Town Meeting,,false,false,Town,,,,113,2019,1789308,1547778,471269,197886,16012972,1563556,425600,630975,2168257,78617,10438,1661186,26557842
ROWE,253,337,378,351,41,-27,T,3,25011,15360.94,24.001,393,42,39761.0537268,62163485.5755,Executive Secretary,Select Board,3,Open Town Meeting,,false,false,Town,,,,253,2019,312429,57180,62543,6095,1513649,764718,86233,176053,789138,140421,0,643920,4552379
MIDDLEFIELD,183,394,392,542,-2,150,T,3,25015,15440.134,24.125,521,-21,34422.3599942,62483991.3779,,Select Board,3,Open Town Meeting,,false,false,Town,,,,183,2019,0,0,0,0,0,0,0,0,0,0,0,0,0
GROTON,115,6711,7511,9547,800,2036,T,2,25017,21616.651,33.776,10646,1099,51453.1194375,87488583.5828,Town Manager,Select Board,5,Open Town Meeting,,false,false,Town,,,,115,2019,2541725,2374803,1181312,593197,22416249,1924607,307209,1480340,3884985,91612,0,1148537,37944576
TRURO,300,1464,1573,2087,109,514,T,3,25001,14081.985,22.003,2003,-84,52277.711251,56987747.7139,Town Administrator,Select Board,5,Open Town Meeting,,false,false,Town,,,,300,2019,2763726,1909384,842653,548447,5698811,1482658,601528,1095198,2627964,719870,155292,633745,19079276
WINCHENDON,343,7293,8805,9611,1512,806,T,4,25027,28230.658,44.11,10300,689,42724.8702512,114247197.379,Town Manager,Selectmen,5,Open Town Meeting,,false,false,Town,,1981,,343,2019,1460365,1619698,1136037,293167,15399973,1274563,641618,201339,3885485,1326694,0,1350106,28589045
WELLFLEET,318,2333,2493,2749,160,256,T,2,25001,13442.164,21.005,2750,1,92736.5038234,54398514.6405,Town Administrator,Select Board,5,Open Town Meeting,,false,false,Town,,1986,,318,2019,0,0,0,0,0,0,0,0,0,0,0,0,0
ASHBURNHAM,11,4406,5433,5546,1027,113,T,2,25027,26208.922,40.951,6081,535,41818.0211363,106063702.027,Town Administrator,Selectmen,3,Open Town Meeting,,false,false,Town,,,,011,2019,1477932,1428188,1053263,282180,8113224,1403606,113492,255367,1347859,0,123125,1823959,17422195
AMESBURY,7,14563,14997,16450,434,1453,C,1,25009,8783.907,13.725,16283,-167,26560.1428567,35547168.4003,Mayor,,,Council,9,true,false,City,,1996,F,007,2019,2330965,4227700,3533802,302262,32983961,3470569,1123881,843704,6172124,2875498,8855,5320338,63193659
HANCOCK,121,611,628,721,17,93,T,2,25003,22873.643,35.74,717,-4,57656.7353802,92566394.2308,,Selectmen,3,Open Town Meeting,,false,false,Town,,,,121,2019,166394,1515,72841,4373,1737561,148454,9056,19541,35315,46298,11215,0,2252563
WESTBOROUGH,328,13261,14133,17997,872,3864,T,3,25027,13729.642,21.452,18272,275,34961.1100838,55576826.7549,Town Manager,Selectmen,5,Open Town Meeting,,false,false,Town,,1974,,328,2019,3241543,3662068,5589776,422054,51185386,4394410,1043024,1446840,16117362,554126,58836,10522476,98237901
NAHANT,196,3922,3828,3632,-94,-196,T,2,25009,802.923,1.255,3410,-222,20844.5392694,3249309.4675,Town Administrator,Selectmen,3,Open Town Meeting,,false,false,Town,,1980,,196,2019,1354327,1639066,1014378,109256,3771071,464747,132633,238038,1983803,128930,0,547298,11383547
WENHAM,320,3798,4212,4440,414,228,T,3,25009,5210.419,8.141,4875,435,25532.5297275,21085800.09,Town Administrator,Selectmen,3,Open Town Meeting,,false,false,Town,,,,320,2019,1222218,1438708,648998,154378,10203401,1394260,157848,1050205,1549371,21264,0,562245,18402896
WEST BRIDGEWATER,322,6474,6389,6634,-85,245,T,3,25023,10030.988,15.673,6916,282,26926.2726803,40594007.1601,Town Administrator,Selectmen,3,Open Town Meeting,,false,false,Town,,,,322,2019,1473716,2805238,2177997,201711,13836103,1639304,474053,456041,5545089,746579,0,3239098,32594929
CARLISLE,51,3721,4333,4717,612,384,T,4,25017,9935.371,15.524,4852,135,25118.466083,40207034.4864,Town Administrator,Selectmen,5,Open Town Meeting,,false,false,Town,,,,051,2019,1669472,1839432,786074,544318,18854335,1253046,328454,797801,2303898,90792,0,1411202,29878824
SAUGUS,262,25313,25549,26078,236,529,T,1,25009,7257.752,11.34,26628,550,54393.0900133,29371041.9841,Town Manager,Selectmen,5,Representative Town Meeting,,false,false,Town,,1947,,262,2019,2910956,6872785,5192572,1174472,33194557,5927149,683668,1114346,22693140,3876818,15635,6013849,89669947
LEXINGTON,155,29033,28974,30355,-59,1381,T,3,25017,10648.621,16.638,31394,1039,26948.2278419,43093413.6387,Town Manager,Selectmen,5,Representative Town Meeting,,false,false,Town,,,,155,2019,17110992,7138936,6685847,1944015,108356601,7872922,1497059,3915094,32876881,923294,109084,24864253,213294978
LANESBOROUGH,148,3171,3032,2990,-139,-42,T,3,25003,18934.192,29.585,3091,101,42148.359071,76624021.6827,Town Administrator,Selectmen,3,Open Town Meeting,,false,false,Town,,,,148,2019,616871,700063,113951,31518,6104588,1019621,132953,82442,1068624,92885,-63470,734332,10634378
PLAINFIELD,237,433,571,589,138,18,T,3,25015,13644.879,21.32,648,59,31485.4053793,55302649.9297,,Select Board,3,Open Town Meeting,,false,false,Town,,,,237,2019,243611,60799,108470,55251,826884,698477,1260,27291,181123,0,6102,76233,2285501
STURBRIDGE,287,6565,7775,7837,1210,62,T,1,25027,24937.965,38.965,9268,1431,49232.8183139,100920400.641,Town Administrator,Selectmen,5,Open Town Meeting,,false,false,Town,,1973,,287,2019,1749655,2663969,1768798,456111,18312035,2058614,553312,561726,3324252,418392,519332,1557003,33943199
BELMONT,26,25400,24720,24194,-680,-526,T,2,25017,3017.347,4.715,24729,535,16672.5926804,12218653.779,Town Administrator,Selectmen,3,Representative Town Meeting,,false,false,Town,,1926,,026,2019,8923717,7006411,5623612,550924,50138431,6324537,828031,3254686,8547462,1836276,19900,4655051,97709038
GOSNOLD,109,58,98,86,40,-12,T,3,25007,8603.996,13.441,75,-11,100167.445417,34819136.6359,,Selectmen,3,Open Town Meeting,,false,false,Town,,,,109,2019,0,0,0,0,0,0,0,0,0,0,0,0,0
PERU,233,764,779,821,15,42,T,2,25003,16663.083,26.036,847,26,36900.9699177,67433128.1749,Town Administrator,Selectmen,3,Open Town Meeting,,false,false,Town,,,,233,2019,0,0,0,0,0,0,0,0,0,0,0,0,0
SHERBORN,269,4225,3989,4200,-236,211,T,2,25017,10339.194,16.155,4119,-81,30651.8875075,41841240.8932,Town Administrator,Selectmen,5,Open Town Meeting,,false,false,Town,,,,269,2019,2210678,1871625,385105,83597,16637247,1950429,261029,505605,2949009,72328,0,1639922,28566574
MIDDLEBOROUGH,182,17116,17867,19927,751,2060,T,3,25023,46208.985,72.201,23116,3189,72570.7833835,187001109.86,Town Manager,Selectmen,5,Open Town Meeting,,false,false,Town,,,,182,2019,4251051,4864656,3249819,515961,36775316,1870415,1715422,1035385,16618579,1280262,0,7058909,79235775
FALL RIVER,95,92038,92703,91938,665,-765,C,3,25005,24668.089,38.544,88857,-3081,63846.2143379,99828191.0063,Mayor,,,Council,9,false,false,City,,,A,095,2019,6529413,22402337,14935725,1138471,111817786,14808823,2752433,2803055,29550400,24502933,0,9058126,240299502
WARWICK,312,598,740,750,142,10,T,1,25011,24090.211,37.641,780,30,43895.4083866,97501693.4822,Town Coordinator,Select Board,3,Open Town Meeting,,false,false,Town,,,,312,2019,0,0,0,0,0,0,0,0,0,0,0,0,0
MILTON,189,25696,25725,26062,29,337,T,2,25021,8516.373,13.307,27003,941,30936.5726131,34464524.1851,Town Administrator,Selectmen,5,Representative Town Meeting,,false,false,Town,,1927,,189,2019,4462729,7274406,5657134,614154,50551792,5045146,573038,2003642,8503732,3876553,0,3969189,92531515
ADAMS,4,10181,9445,8809,-736,-636,T,3,25003,14694.491,22.96,8485,-324,31135.7536255,59466489.5886,Town Administrator,Selectmen,5,Representative Town Meeting,,false,false,Town,,1983,,004,2019,1783155,1570697,13326,200718,6558649,1933169,403358,580689,2095909,42001,5289,1150280,16337240
MILLIS,187,7001,7613,7902,612,289,T,3,25021,7848.218,12.263,7891,-11,28285.791037,31760624.0783,Town Administrator,Selectmen,3,Open Town Meeting,,false,false,Town,,1977,,187,2019,2078741,2083268,1635242,584232,16155519,1105883,273797,431366,5081232,371216,1566,2160965,31963027
BRIMFIELD,43,2458,3001,3339,543,338,T,4,25013,22603.061,35.317,3609,270,42506.12067,91471330.3626,,Selectmen,3,Open Town Meeting,,false,false,Town,,,,043,2019,442905,247017,184607,256012,6117742,823753,204708,125483,712408,102644,0,126505,9343784
WEST STOCKBRIDGE,326,1285,1483,1416,198,-67,T,2,25003,11954.567,18.679,1306,-110,32490.6032749,48378403.6252,Town Administrator,Selectmen,3,Open Town Meeting,,false,false,Town,,,,326,2019,400266,397735,27529,19286,2833929,763053,68331,46106,335078,1595,23037,296171,5212116
DANVERS,71,24087,24174,25212,87,1038,T,4,25009,8822.898,13.785,26493,1281,44773.9692797,35705009.1823,Town Manager,Selectmen,5,Representative Town Meeting,,false,false,Town,,,,071,2019,9800605,6369317,5869836,500653,43380262,7094009,536803,2374475,19109076,1204960,17245,5985396,102242637
OTIS,225,966,1073,1365,107,292,T,4,25003,24353.105,38.052,1612,247,50413.3148035,98553586.6558,Town Administrator,Selectmen,3,Open Town Meeting,,false,false,Town,,,,225,2019,781309,121580,130860,292670,2428350,1252761,80802,139090,477261,28252,14937,794173,6542045
COLRAIN,66,1574,1757,1813,183,56,T,4,25011,27753.407,43.364,1671,-142,47100.0580453,112314067.961,Town Coordinator,Select Board,3,Open Town Meeting,,false,false,Town,,,,066,2019,382791,151803,106177,14836,2302768,716288,22712,71438,277248,0,65480,37725,4149266
NORTHFIELD,217,2348,2838,2951,490,113,T,3,25011,22638.351,35.372,3032,81,48024.2200514,91614842.6442,Town Administrator,Select Board,3,Open Town Meeting,,false,false,Town,,,,217,2019,0,0,0,0,0,0,0,0,0,0,0,0,0
PLYMPTON,240,2164,2384,2637,220,253,T,2,25023,9667.011,15.105,2820,183,27849.1165861,39121041.8238,Town Administrator,Selectmen,3,Open Town Meeting,,false,false,Town,,,,240,2019,940311,1071185,0,876952,5934562,657539,127619,159831,1023968,0,0,149293,10941260
BERKLEY,27,3180,4237,5749,1057,1512,T,3,25005,10611.725,16.58,6411,662,40024.0530814,42944099.925,Executive Secretary,Selectmen,3,Open Town Meeting,,false,false,Town,,,,027,2019,620873,1205664,209842,837627,12804563,1104225,62465,144123,1095686,219603,149827,1466800,19921298
KINGSTON,145,7624,9045,11780,1421,2735,T,3,25023,12160.117,19,12629,849,44110.1963732,49210261.8372,Town Administrator,Selectmen,5,Open Town Meeting,,false,false,Town,,,,145,2019,3109251,3544464,2989217,346946,24098322,3629544,621127,944461,5930522,430950,66589,2464242,48175635
MONTAGUE,192,7977,8316,8489,339,173,T,4,25011,20122.531,31.441,8437,-52,42559.4434709,81432907.002,Town Administrator,Selectmen,3,Representative Town Meeting,,false,false,Town,,,,192,2019,1445287,1903421,0,170092,10838598,1781921,277468,687083,2158874,198697,0,625348,20086789
TYNGSBOROUGH,301,7065,8642,11081,1577,2439,T,3,25017,11564.668,18.071,11292,211,43250.995296,46800582.8711,Town Administrator,Selectmen,5,Open Town Meeting,,false,false,Town,,,,301,2019,2148315,3480850,865435,235709,21890689,2303389,521084,494059,6631445,1543069,0,1193977,41308021
MALDEN,165,53604,53884,56340,280,2456,C,1,25017,3243.977,5.069,59450,3110,18699.870179,13127931.5015,Mayor,,,Council,11,false,false,City,,,A,165,2019,7940551,10839286,10486148,1098490,73608768,8258930,1320880,2210341,12912607,14673063,0,12428055,155777119
STONEHAM,284,22450,22203,22219,-247,16,T,4,25017,4253.6,6.646,21437,-782,18559.0567177,17213714.0417,Town Administrator,Selectmen,5,Open Town Meeting,,false,false,Town,,,,284,2019,2728209,4223967,3380322,789081,30354467,2671179,597535,1472984,15735022,1814909,195387,4488541,68451603
NORTHAMPTON,214,29179,29289,28978,110,-311,C,2,25015,22878.833,35.748,28549,-429,42457.1658489,92587330.1762,Mayor,,,Council,9,false,false,City,,,B,214,2019,6232043,5901766,6280900,1279420,38941994,4053338,1261528,1989169,18449587,3701278,0,5917496,94008519
BRAINTREE,40,35451,33836,33828,-1615,-8,TC,4,25021,9234.277,14.429,35744,1916,31787.1135123,37369755.5595,Mayor,,,Council,9,false,true,City,,,,040,2019,8211355,11191945,9263292,777806,70246599,8263446,899190,2480344,10635493,4113515,56640,4636474,130776099
SCITUATE,264,17273,16786,17863,-487,1077,T,4,25023,11085.746,17.323,18133,270,103057.519461,44862409.2405,Town Administrator,Selectmen,5,Open Town Meeting,,false,false,Town,,1972,,264,2019,4296113,3987143,5262541,826304,38739010,3827559,1453842,1247255,12081323,746604,0,7206793,79674487
BELLINGHAM,25,14071,14877,15314,806,437,T,1,25021,12088.179,18.888,16332,1018,34810.2626298,48919135.1993,Town Administrator,Selectmen,5,Open Town Meeting,,false,false,Town,,,,025,2019,2884635,3479663,3041879,462147,29216271,2272480,497828,936845,3549691,1861924,0,5503423,53706786
DUNSTABLE,81,1914,2236,2829,322,593,T,1,25017,10721.316,16.752,3179,350,30627.6745535,43387647.3546,Town Administrator,Select Board,3,Open Town Meeting,,false,false,Town,,,,081,2019,592971,1159548,240367,81580,6633513,748028,64747,240827,566935,3293,0,189422,10521231
SAVOY,263,751,634,705,-117,71,T,2,25003,23057.5,36.027,692,-13,45397.0197138,93310332.5866,,Selectmen,3,Open Town Meeting,,false,false,Town,,,,263,2019,0,0,0,0,0,0,0,0,0,0,0,0,0
ARLINGTON,10,45640,44630,42389,-1010,-2241,T,1,25017,3509.872,5.485,42844,455,16929.0289707,14203937.8273,Town Manager,Selectmen,5,Representative Town Meeting,,false,false,Town,,,,010,2019,6136498,8191760,7565639,503117,65792139,9077803,1218442,3894551,28816899,3272899,33028,16582686,151085461
HARDWICK,124,2272,2385,2622,113,237,T,2,25027,26148.043,40.856,2990,368,53639.8976534,105817340.611,Town Administrator,Selectmen,3,Open Town Meeting,,false,false,Town,,,,124,2019,664445,645977,254469,84585,2712927,598779,91297,90103,394922,0,149046,51720,5738270
MOUNT WASHINGTON,195,100,135,130,35,-5,T,1,25003,14329.344,22.389,167,37,31618.4343094,57988843.7886,,Select Board,3,Open Town Meeting,,false,false,Town,,,,195,2019,104923,1268,13033,16000,29089,435046,953,854,112255,5115,0,0,718536
ASHBY,12,2562,2717,2845,155,128,T,1,25017,15406.763,24.073,3074,229,35422.4958534,62348961.1211,Town Administrator,Selectmen,3,Open Town Meeting,,false,false,Town,,,,012,2019,644146,1015910,262077,411266,4034986,641737,53995,117008,812068,26045,0,0,8019238
HULL,142,9751,10466,11050,715,584,T,2,25023,1909.223,2.983,10293,-757,63401.7354959,8283877.4942,Town Manager,Selectmen,5,Open Town Meeting,,false,false,Town,,,,142,2019,2211207,3057781,3493065,263863,15747793,1505361,574626,375328,9513277,1402366,303681,2100742,40549090
LAWRENCE,149,64432,70207,72043,5775,1836,C,2,25009,4753.392,7.427,76377,4334,21162.9940985,19238173.7382,Mayor,,,Council,9,false,false,City,,1983,,149,2019,5990329,13031900,13850002,1154991,183307650,13034761,1094661,1157375,23945799,26676612,683995,11417952,295346027
LUDLOW,161,18348,18820,21209,472,2389,T,4,25013,18134.848,28.336,21103,-106,36988.1215796,73389122.1042,Town Administrator,Selectmen,5,Representative Town Meeting,,false,false,Town,,,,161,2019,2886774,3989928,2860319,1527119,30979772,3887764,1019578,821704,14895361,912622,78686,2794837,66654464
NORFOLK,208,7492,9270,10460,1778,1190,T,1,25021,9853.371,15.396,11227,767,28905.2053809,39875151.8888,Town Administrator,Selectmen,3,Open Town Meeting,,false,false,Town,,,,208,2019,2816137,2706316,1886899,874756,21978944,2300513,255829,734949,5157783,473958,0,2739378,41925462
WHITMAN,338,13684,13240,13882,-444,642,T,2,25023,4453.393,6.958,14489,607,18499.9649783,18022245.9213,Town Administrator,Selectmen,5,Open Town Meeting,,false,false,Town,,,,338,2019,2007118,3258946,3677676,306909,16387315,2287609,561923,455584,3835331,191207,0,6812594,39782212
CLARKSBURG,63,1756,1745,1686,-11,-59,T,2,25003,8186.638,12.792,1702,16,25539.4832828,33130145.8944,Town Administrator,Select Board,3,Open Town Meeting,,false,false,Town,,,,063,2019,295069,85086,16714,15510,2708339,403654,59105,66476,449062,210485,0,107991,4417491
PAXTON,228,3711,4047,4386,336,339,T,2,25027,9888.941,15.451,4806,420,31480.1638035,40020678.0599,Town Administrator,Selectmen,3,Open Town Meeting,,false,false,Town,,,,228,2019,735039,1120627,316287,715621,6579197,1144597,99508,201802,1119839,49438,46630,1123814,13252399
WESTFIELD,329,36924,38372,40072,1448,1700,C,3,25013,30279.935,47.312,41094,1022,46139.6666288,122538440.18,Mayor,,,Council,13,false,false,City,,,B,329,2019,7958186,7955188,5510174,1294690,61567388,7620113,1478577,1232609,12660048,5479923,9950,7139649,119906495
SALEM,258,38382,38091,40402,-291,2311,C,2,25009,5331.594,8.332,41340,938,53262.848552,21609408.8934,Mayor,,,Council,11,false,false,City,,,B,258,2019,7569444,10537068,9137173,1594379,59379055,5425404,1324119,2719275,26608621,8599120,3238570,6869246,143001474
MARLBOROUGH,170,31550,31813,36255,263,4442,C,3,25017,14144.598,22.101,38499,2244,33681.1503211,57241191.6269,Mayor,,,Council,11,false,false,City,,,B,170,2019,9812437,8193556,10235509,713516,69771878,11237027,945503,1294798,9573825,9097674,0,6745838,137621561
BELCHERTOWN,24,9012,10579,12968,1567,2389,T,1,25015,35376.603,55.276,14649,1681,63493.9527321,143164004.888,Town Administrator,Selectmen,5,Open Town Meeting,,false,false,Town,,,,024,2019,2944553,2236974,1721535,270149,26590910,1964294,815939,798323,8562474,1464348,72415,2421449,49863363
FREETOWN,102,7440,8522,8472,1082,-50,T,1,25005,22698.976,35.467,8870,398,70099.1752776,91859467.9781,Town Administrator,Selectmen,3,Open Town Meeting,,false,false,Town,,,,102,2019,1590336,2305662,1400878,176510,12822277,1677087,398340,164944,2680498,271784,93456,695750,24277522
FLORIDA,98,687,742,676,55,-66,T,4,25003,15742.601,24.598,752,76,49604.3225413,63708075.599,Town Administrator,Selectmen,3,Open Town Meeting,,false,false,Town,,,,098,2019,266053,1500,50646,1800,1913132,671933,43075,32522,613132,0,26680,39175,3659648
WORTHINGTON,349,1059,1156,1270,97,114,T,1,25015,20545.945,32.103,1156,-114,45078.9891287,83146520.8877,,Selectmen,3,Open Town Meeting,,false,false,Town,,,,349,2019,362784,62096,123322,73281,1432435,710670,44406,20089,388889,335633,0,35731,3589336
NORWELL,219,9208,9279,9765,71,486,T,2,25023,13584.661,21.226,10506,741,41301.3390541,54975198.7131,Town Administrator,Selectmen,5,Open Town Meeting,,false,false,Town,,1973,,219,2019,2347875,3002200,2349856,815629,27708210,4450287,490800,717610,9148232,1226422,0,3132038,55389159
BREWSTER,41,6343,8440,10094,2097,1654,T,3,25001,16330.668,25.517,9820,-274,44077.9759239,66087881.4965,Town Administrator,Select Board,5,Open Town Meeting,,false,false,Town,,,,041,2019,2360122,2820663,2049418,900000,19200005,2146083,758994,866053,6002069,627701,377766,2118148,40227022
EDGARTOWN,89,2633,3062,3779,429,717,T,2,25007,17092.967,26.707,4067,288,148367.565448,69179271.8402,Town Administrator,Selectmen,3,Open Town Meeting,,false,false,Town,,,,089,2019,2237366,3498671,636886,2421160,13028828,3093823,687944,1497863,6063317,2697221,0,1901476,37764555
CLINTON,64,12441,13222,13424,781,202,T,1,25027,4646.934,7.261,13606,182,18720.9708178,18805461.0619,Town Administrator,Selectmen,5,Open Town Meeting,,false,false,Town,,,,064,2019,1735377,3262059,2025117,206036,23050031,1946720,612630,782068,7583047,1502656,0,2401675,45107416
STOW,286,5144,5328,5902,184,574,T,1,25017,11517.155,17.995,6590,688,28810.947102,46608286.5093,Town Administrator,Selectmen,5,Open Town Meeting,,false,false,Town,,,,286,2019,1899646,1524159,648267,277775,18778216,1280437,438039,369261,2068677,105753,17371,2466889,29874490
ATTLEBORO,16,33861,38383,42068,4522,3685,C,4,25005,17773.159,27.77,43593,1525,39370.2311179,71925427.5328,Mayor,,,Council,11,false,false,City,,1973,,016,2019,5058847,8286379,9173893,616743,65557094,3099233,4482213,3116112,7819966,5492424,0,3144985,115847889
HARWICH,126,9632,10275,12386,643,2111,T,2,25001,14400.942,22.502,12243,-143,54637.7871791,58278524.0019,Town Administrator,Selectmen,5,Open Town Meeting,,false,false,Town,,,,126,2019,4215662,4371646,4693670,717261,27190626,6442722,1153204,3725618,8869129,701637,0,4710046,66791221
STOUGHTON,285,27126,26777,27149,-349,372,T,3,25021,10537.857,16.465,26962,-187,31388.1283161,42644406.8674,Town Manager,Selectmen,5,Representative Town Meeting,,false,false,Town,,1972,,285,2019,3918297,7308666,5742790,413741,47455138,4522622,1457491,1677138,7478054,4415011,0,8469972,92858920
SOMERSET,273,18174,17655,18234,-519,579,T,2,25005,5228.717,8.17,18165,-69,38188.3705639,21159871.0253,Town Administrator,Selectmen,3,Open Town Meeting,,false,false,Town,,,,273,2019,1902330,2970792,2012695,711552,30229853,2366629,560434,649299,12017993,672459,0,434125,54528161
NEWBURY,205,5150,5623,6717,473,1094,T,3,25009,15474.489,24.182,6666,-51,163526.033279,62628198.7587,Town Administrator,Selectmen,5,Open Town Meeting,,false,false,Town,,,,205,2019,2211865,1365905,1236034,412293,9809539,1901492,266867,269929,1563561,137588,0,1088181,20263254
HANOVER,122,11403,11912,13164,509,1252,T,1,25023,10002.351,15.629,13879,715,30127.6984885,40478068.4934,Town Manager,Selectmen,5,Open Town Meeting,,false,false,Town,,,,122,2019,5575752,3358524,3110437,1465863,28892549,3474004,538968,635285,7980260,661553,0,5411442,61104637
UXBRIDGE,304,8621,10415,11156,1794,741,T,2,25027,19178.744,29.967,13457,2301,39623.3028323,78381799.4926,Town Manager,Selectmen,5,Open Town Meeting,,false,false,Town,,,,304,2019,1945724,2326688,1571938,197093,24303402,2098876,618873,451786,7797758,0,1778,4518200,45832116
HADLEY,117,4132,4231,4793,99,562,T,1,25015,15752.12,24.613,5250,457,50459.8479552,63746571.7093,Town Administrator,Select Board,5,Open Town Meeting,,false,false,Town,,,,117,2019,929289,1141324,627709,688742,7064167,1180518,212881,248793,2746477,1448799,40845,1270680,17600224
NORTH ADAMS,209,17387,16797,14681,-590,-2116,C,1,25003,13193.603,20.615,13708,-973,30768.5448786,53392639.2334,Mayor,,,Council,9,false,false,City,,,A,209,2019,0,0,0,0,0,0,0,0,0,0,0,0,0
MANSFIELD,167,14089,16568,22414,2479,5846,T,1,25005,13072.397,20.426,23184,770,31080.0981407,52902104.5416,Town Manager,Selectmen,5,Open Town Meeting,,false,false,Town,,1920,,167,2019,4613702,4851204,4823171,1509244,52225962,5211426,642656,984680,16696707,2066811,0,3167524,96793087
BERNARDSTON,29,1776,2048,2155,272,107,T,2,25011,14973.388,23.396,2129,-26,31693.7507221,60650566.5554,Town Coordinator,Select Board,3,Open Town Meeting,,false,false,Town,,,,029,2019,364084,292300,102153,21398,3409632,738859,101330,82611,232855,57755,12719,0,5415696
DRACUT,79,22899,25594,28562,2695,2968,T,2,25017,13719.806,21.437,29457,895,38335.1733907,55522005.0544,Town Manager,Selectmen,5,Open Town Meeting,,false,false,Town,,1985,,079,2019,3426688,4464519,3807336,352543,37425891,5245261,677642,968014,15064508,3788612,121158,4827789,80169961
SHUTESBURY,272,1162,1561,1810,399,249,T,1,25011,17349.734,27.109,1771,-39,40555.2285186,70211872.48,Town Administrator,Select Board,3,Open Town Meeting,,false,false,Town,,,,272,2019,483353,150763,128656,38615,3905558,439024,40599,74428,775088,171262,1628,147165,6356139
FRANKLIN,101,19023,22095,29560,3072,7465,TC,2,25021,17296.912,27.026,31635,2075,36786.1208206,69998126.0056,Town Administrator,,,Council,9,false,true,City,,1978,,101,2019,11597042,5731620,6582788,874715,65976376,5750959,605168,1433548,10968899,4977732,0,6706142,121204989
WESTMINSTER,332,5353,6191,6907,838,716,T,1,25027,23842.548,37.254,7277,370,48293.6283669,96487399.1646,Town Administrator,Selectmen,3,Open Town Meeting,,false,false,Town,,,,332,2019,1491194,1950431,884966,475119,11083515,2806637,337696,448481,2100573,58725,2487,248571,21888395
LEOMINSTER,153,34624,38145,41303,3521,3158,C,3,25027,18994.065,29.678,40759,-544,42259.3212009,76866547.4225,Mayor,,,Council,9,false,false,City,,1969,A,153,2019,0,0,0,0,0,0,0,0,0,0,0,0,0
REVERE,248,43141,42786,47247,-355,4461,C,4,25025,3944.187,6.164,51755,4508,50280.7276757,15961564.4668,Mayor,,,Council,11,false,false,Town,,,B,248,2019,6518360,10117053,10015165,3014559,85152050,5310143,1762263,1032819,34941771,12231375,0,5967943,176063501
WRENTHAM,350,8191,9006,10554,815,1548,T,3,25021,14465.195,22.602,10955,401,38486.8914154,58538617.3462,Town Administrator,Selectmen,5,Open Town Meeting,,false,false,Town,,,,350,2019,2413003,2472997,2626196,866963,23306730,2168403,427833,487059,6379201,778221,259780,1345508,43531894
AVON,18,4843,4558,4443,-285,-115,T,4,25021,2904.519,4.538,4356,-87,14934.2415546,11754175.9712,Town Administrator,Selectmen,3,Open Town Meeting,,false,false,Town,,,,018,2019,1864272,2434208,1429270,470108,9324692,2221989,319042,491815,4554958,337906,0,1721235,25169495
HALIFAX,118,5938,6526,7480,588,954,T,1,25023,11126.803,17.386,7518,38,29497.4662572,45028534.8141,Town Administrator,Selectmen,3,Open Town Meeting,,false,false,Town,,,,118,2019,1901401,1422469,1498208,275218,12620402,1337886,535090,380252,2597893,171108,154933,348538,23243398
NEWTON,207,82297,82585,83829,288,1244,C,3,25017,11618.778,18.154,85146,1317,36766.323035,47019520.8789,Mayor,,,Aldermen,24,false,false,City,,1972,A,207,2019,17751036,20207320,21418857,1412374,190754815,29870802,4282989,11601293,34969516,6351888,0,24033615,362654505
IPSWICH,144,11566,11873,12987,307,1114,T,2,25009,21162.493,33.067,13175,188,206890.992173,85641537.4016,Town Manager,Select Board,5,Open Town Meeting,,false,false,Town,,,,144,2019,2962634,2726527,1850992,860360,29511912,2597736,570811,823158,3529394,281769,142139,4173352,50030784
COHASSET,65,7346,7075,7261,-271,186,T,1,25021,6436.644,10.057,7542,281,42159.2751702,26048184.2518,Town Manager,Selectmen,5,Open Town Meeting,,false,false,Town,,,,065,2019,3461746,2696614,2505884,306112,19657381,3325697,540671,751559,8555408,527772,0,2664092,44992936
AUBURN,17,14477,15005,15901,528,896,T,2,25027,10505.17,16.414,16188,287,24816.9954075,42512969.9851,Town Manager,Selectmen,5,Representative Town Meeting,,false,false,Town,,1969,,017,2019,3508138,4675080,3352981,263189,27296281,4332227,823276,897276,4401512,684949,541272,6330343,57106524
CHICOPEE,61,56464,56632,54653,168,-1979,C,1,25013,15277.59,23.871,55298,645,34656.8746343,61826252.2345,Mayor,,,Council,13,false,false,City,,,,061,2019,11244483,12009995,12389308,571343,84391570,7917430,1888237,5057708,29666679,7534952,1202005,5873260,179746970
HAMILTON,119,7059,7280,8315,221,1035,T,4,25009,9536.346,14.9,7764,-551,37649.3460694,38592243.6822,Town Manager,Selectmen,5,Open Town Meeting,,false,false,Town,,,,119,2019,1878187,1668368,769933,480267,18582829,1737534,292386,235013,1891424,1034371,60321,933607,29564240
PLYMOUTH,239,38384,45608,51701,7224,6093,T,2,25023,65774.95,102.773,56468,4767,119362.486176,266181688.528,Town Manager,Selectmen,5,Representative Town Meeting,,false,false,Town,,1973,,239,2019,9637079,11412177,12761993,1413313,97506638,10717718,1615815,3021132,21344848,9512059,19138,16814741,195776651
BARRE,21,4257,4546,5113,289,567,T,1,25027,28563.447,44.63,5398,285,43248.0670535,115592161.948,Town Administrator,Selectmen,3,Open Town Meeting,,false,false,Town,,,,021,2019,889577,846549,267743,731909,5856537,791425,128293,336474,856774,21493,0,595393,11322167
BOLTON,34,2820,3134,4159,314,1025,T,3,25027,12850.467,20.079,4897,738,28760.0106118,52003960.6629,Town Administrator,Selectmen,3,Open Town Meeting,,false,false,Town,,,,034,2019,1172977,1296811,402698,727653,15286512,1681366,174353,465785,1065983,9739,0,5227083,27510960
ORANGE,223,7054,7312,7518,258,206,T,4,25011,23049.862,36.015,7839,321,53897.9178213,93267416.4082,Town Administrator,Selectmen,3,Open Town Meeting,,false,false,Town,,,,223,2019,795701,1153141,1153800,134769,11369978,1514145,220514,344700,3303956,581400,1476,450384,21023964
DARTMOUTH,72,24840,27244,30666,2404,3422,T,4,25005,39653.094,61.953,34032,3366,148394.202953,160470409.187,Town Administrator,Select Board,5,Representative Town Meeting,,false,false,Town,,,,072,2019,4689441,7398546,0,562263,50227359,3723319,1166050,1758552,12202525,1292384,0,4927747,87948186
CUMMINGTON,69,741,785,978,44,193,T,4,25015,14762.944,23.067,872,-106,33260.5226773,59743487.3278,,Selectmen,3,Open Town Meeting,,false,false,Town,,,,069,2019,176352,31845,30515,83913,980211,540683,103764,10763,153469,2086,0,109927,2223528
GRANBY,111,5497,5565,6132,68,567,T,2,25015,17966.486,28.072,6240,108,34178.7458029,72707908.653,Town Administrator,Select Board,3,Open Town Meeting,,false,false,Town,,,,111,2019,1290275,1091160,550849,353423,9012171,902527,165147,153886,2841473,1051067,0,989274,18401252
LEE,150,6093,5849,5985,-244,136,T,2,25003,17288.351,27.013,5943,-42,41725.4506771,69963490.5459,Chief Administrative Officer,Selectmen,3,Representative Town Meeting,,false,false,Town,,,,150,2019,924730,1091623,237200,909889,8972573,1033642,155649,398393,4156440,709191,0,1143500,19732830
STERLING,282,5813,6481,7257,668,776,T,2,25027,20264.031,31.662,7808,551,39207.7044947,82051289.3869,Town Administrator,Selectmen,3,Open Town Meeting,,false,false,Town,,,,282,2019,1909619,1893427,846050,577994,12178180,1729445,333240,551743,2279857,0,0,1797239,24096794
WILBRAHAM,339,12166,12635,13473,469,838,T,2,25013,14293.023,22.333,14219,746,36766.7754058,57841760.7717,Town Administrator,Selectmen,3,Open Town Meeting,,false,false,Town,,,,339,2019,2755784,2560239,2120691,862084,25026119,2267161,328682,1112198,3778380,172537,0,992669,41976544
GEORGETOWN,105,5927,6384,7377,457,993,T,2,25009,8415.006,13.148,8183,806,24443.0413649,34054312.3303,Town Administrator,Selectmen,5,Open Town Meeting,,false,false,Town,,,,105,2019,1822732,1738839,501017,144488,15915271,1071949,315745,421203,5292726,365879,0,2769884,30359733
CARVER,52,8934,10590,11177,1656,587,T,4,25023,25422.364,39.722,11509,332,47726.1906778,102880648.168,Town Administrator,Selectmen,5,Open Town Meeting,,false,false,Town,,,,052,2019,2119879,2285414,1101529,823946,24801448,1431060,486033,436473,2728658,1103782,120739,2321591,39760552
EASTHAM,86,3890,4462,5453,572,991,T,4,25001,9186.804,14.357,4956,-497,85799.4092336,37180567.1569,Town Administrator,Selectmen,5,Open Town Meeting,,false,false,Town,,,,086,2019,3051768,2207379,2575686,226138,8838680,1789979,808171,867693,4481067,655628,85654,3546942,29134785
MELROSE,178,29123,28150,27134,-973,-1016,C,3,25017,3051.404,4.768,26983,-151,15101.9841616,12348565.7772,Mayor,,,Aldermen,11,false,false,City,,,B,178,2019,3718827,4978150,4560380,343880,32463997,9072056,1470738,1621639,18331091,3631893,989830,5696883,86879364
MANCHESTER-BY-THE-SEA,166,5354,5286,5228,-68,-58,T,2,25009,4982.759,7.784,5136,-92,37401.210032,20164500.4665,Town Administrator,Selectmen,5,Open Town Meeting,,false,false,Town,,,,,,,,,,,,,,,,,,
PEPPERELL,232,8696,10098,11142,1402,1044,T,4,25017,14843.158,23.192,11497,355,37460.2525708,60068099.3215,Town Administrator,Selectmen,3,Open Town Meeting,,false,false,Town,,,,232,2019,1695494,1828584,340477,1002508,17608586,1371430,365934,536484,2172027,33979,67270,119476,27142249
WOBURN,347,37251,35943,37258,-1308,1315,C,1,25017,8283.535,12.943,38120,862,27522.3462022,33522274.0438,Mayor,,,Aldermen,9,false,false,City,,,,347,2019,8621530,9675045,8886003,621449,64554024,8495406,1307642,2210706,29004516,3903575,0,5731748,143011644
SUTTON,290,6342,6824,8250,482,1426,T,3,25027,21776.331,34.025,8963,713,46473.4973328,88125697.1745,Town Administrator,Selectmen,5,Open Town Meeting,,false,false,Town,,1988,,290,2019,1706857,2239780,553634,282936,17662343,1134325,328626,281417,4596706,80367,248349,3929059,33044399
FRAMINGHAM,100,64844,64989,66910,145,1921,C,4,25017,16961.824,26.503,68318,1408,35082.75397,68642060.1933,Mayor,,,Council,11,true,false,City,,,,100,2019,11709501,14034608,14532175,1248174,141637054,13910310,2078474,6674439,50571662,7860257,128982,14195484,278581120
WARREN,311,3840,4437,4776,597,339,T,2,25027,17685.52,27.633,5135,359,34734.4222822,71570714.6258,,Selectmen,3,Open Town Meeting,,false,false,Town,,,,311,2019,721661,764453,197581,567267,4117082,723429,198648,211561,887007,25316,122129,271383,8807517
CHARLEMONT,53,1203,1249,1358,46,109,T,1,25011,16867.629,26.356,1266,-92,49809.3487833,69010126.5424,Town Administrator,Select Board,3,Open Town Meeting,,false,false,Town,,,,053,2019,359711,91914,100550,76923,1869833,571719,30268,29408,252329,31349,11449,86388,3511841
WEST SPRINGFIELD,325,26965,27537,27899,572,362,TC,2,25013,11221.427,17.533,28391,492,34348.431861,45416675.1311,Mayor,,,Council,9,false,true,City,,2000,A,325,2019,9028431,7781119,4962259,222827,43741035,4865925,1220361,1766875,8629127,3313523,0,5538350,91069832
NEW BRAINTREE,202,682,881,927,199,46,T,3,25027,13387.175,20.917,999,72,42901.9629037,54175955.76,,Select Board,3,Open Town Meeting,,false,false,Town,,,,202,2019,0,0,0,0,0,0,0,0,0,0,0,0,0
DEDHAM,73,24399,23782,23464,-617,-318,T,3,25021,6837.386,10.683,24729,1265,26695.826325,27669925.4457,Town Manager,Selectmen,5,Representative Town Meeting,,false,false,Town,,1974,,073,2019,10864071,6376064,6014897,1145716,40266209,6744905,629709,2870230,16224331,2890687,822715,11471816,106321350
PRINCETON,241,2636,3189,3353,553,164,T,4,25027,22938.968,35.842,3413,60,43136.4925609,92784984.2411,Town Administrator,Selectmen,3,Open Town Meeting,,false,false,Town,,,,241,2019,686278,818840,396487,132508,5196998,1104808,93465,219872,732131,24607,0,398191,9804185
LUNENBURG,162,8826,9117,9401,291,284,T,2,25027,17757.762,27.746,10086,685,38127.2307277,71863140.0846,Town Manager,Selectmen,5,Open Town Meeting,,false,false,Town,,,,162,2019,2019966,1671628,1228575,232417,21032042,1877038,274449,494805,3907126,1061074,0,4751711,38550831
GROVELAND,116,5031,5214,6038,183,824,T,1,25009,6014.084,9.397,6459,421,23990.7345678,24338169.3,,Selectmen,5,Open Town Meeting,,false,false,Town,,,,116,2019,873309,1381374,255414,84519,10595581,1471682,201898,255810,1113381,0,85000,391763,16709731
MILLBURY,186,11683,12228,12784,545,556,T,4,25027,10524.239,16.444,13261,477,32222.2769947,42590051.944,Town Manager,Selectmen,5,Open Town Meeting,,false,false,Town,,,,186,2019,1758005,2351070,741111,208158,22930651,2994939,551979,608214,7151445,621900,304695,1847106,42069273
PELHAM,230,1306,1373,1403,67,30,T,3,25015,16991.218,26.549,1321,-82,40430.2109479,68761050.5763,,Selectmen,3,Open Town Meeting,,false,false,Town,,,,230,2019,295956,162249,78939,48033,2766536,406262,43591,52024,414396,55569,0,80115,4403670
WAKEFIELD,305,25112,24825,24804,-287,-21,T,2,25017,5116.225,7.994,24932,128,22293.6663599,20704636.1337,Town Administrator,Selectmen,7,Open Town Meeting,,false,false,Town,,,,305,2019,2860405,5938708,5488232,526151,41421297,10838446,670820,1804610,16938517,1444819,0,0,87932005
ROCKLAND,251,15476,16123,17670,647,1547,T,4,25023,6476.447,10.119,17489,-181,24690.1742631,26209250.3619,Town Administrator,Selectmen,5,Open Town Meeting,,false,false,Town,,1970,,251,2019,3249514,3844186,4056916,694335,27176512,3291796,658551,1080416,11964354,3155979,50336,4401118,63624013
SEEKONK,265,12355,13046,13425,691,379,T,2,25005,11932.581,18.645,13722,297,36129.4140613,48289466.8644,Town Administrator,Selectmen,5,Open Town Meeting,,false,false,Town,,1976,,265,2019,2700730,3951861,2509163,2121522,27820480,1437497,481861,1028208,9997712,605837,0,1261835,53916706
TEMPLETON,294,5957,6438,6799,481,361,T,1,25027,20723.695,32.381,8013,1214,47069.6433646,83865776.8753,Town Administrator,Selectmen,5,Open Town Meeting,,false,false,Town,,,,294,2019,1351718,1340552,861340,172724,7432412,1031719,105409,235104,2103707,0,6352,1510231,16151268
PALMER,227,11756,12054,12497,298,443,TC,3,25013,20481.324,32.002,12140,-357,51120.9603267,82871148.4946,Town Manager,,,Council,7,false,true,Town,,2004,,227,2019,1683550,2400170,0,188058,18276138,1368074,636165,1091719,6360778,1035861,489964,3062236,36592713
FOXBOROUGH,99,14388,14637,16246,249,1609,T,4,25021,13340.614,20.845,16865,619,31841.3102949,53987529.5935,Town Manager,Selectmen,5,Open Town Meeting,,false,false,Town,,,,099,2019,3715283,4456919,4068735,1199551,37393066,3039936,1046446,1182416,12756382,2398866,772082,3007547,75037229
LINCOLN,157,7464,7666,8056,202,390,T,2,25017,9587.925,14.981,6362,-1694,28930.0076812,38800943.9391,Town Administrator,Selectmen,3,Open Town Meeting,,false,false,Town,,,,157,2019,2914733,1765273,1632372,819403,15760563,2076112,231825,1746020,5874484,168327,379580,926000,34294692
EAST BRIDGEWATER,83,10167,11104,12974,937,1870,T,4,25023,11225.578,17.541,13794,820,28489.3911542,45428309.9861,Town Administrator,Selectmen,3,Open Town Meeting,,false,false,Town,,,,083,2019,3463727,2678890,2509578,526749,22863542,1568424,617761,499715,7122251,616382,0,4001694,46468713
LAKEVILLE,146,6496,7785,9821,1289,2036,T,4,25023,23116.239,36.119,10602,781,47022.0802976,93548116.1046,Town Administrator,Selectmen,3,Open Town Meeting,,false,false,Town,,,,146,2019,1741580,1878575,1357213,414540,16282492,933963,442837,362088,3251167,185819,39088,395533,27284895
ROYALSTON,255,1005,1147,1254,142,107,T,2,25027,27229.243,42.545,1258,4,48364.8627586,110192964.245,,Select Board,3,Open Town Meeting,,false,false,Town,,,,255,2019,274599,115030,80628,43180,676807,802334,84887,65207,178510,12841,0,168044,2502067
WATERTOWN,314,33430,33284,32986,-146,-298,TC,4,25017,2639.446,4.125,31915,-1071,16955.2703107,10681446.6126,Town Manager,,,Council,9,false,true,City,,1980,,314,2019,5233875,9724629,10415738,23855,48695534,9482053,1345444,3638681,33033733,2661170,4100,6168042,130426854
EASTON,88,17719,19807,22299,2088,2492,T,4,25005,18709.299,29.233,23112,813,36062.1079448,75713803.5993,Town Administrator,Selectmen,5,Open Town Meeting,,false,false,Town,,1972,,088,2019,2350063,4419970,3815804,1742357,42460464,3305999,829184,596188,13207548,1181131,163603,4034499,78106810
NATICK,198,30198,30510,32170,312,1660,T,3,25017,10214.836,15.961,33006,836,30557.5678704,41337981.602,Town Administrator,Selectmen,5,Representative Town Meeting,,false,false,Town,,1980,,198,2019,12100299,8052329,9398580,174946,67522977,7273669,1884459,3033627,25053777,1507563,0,9386226,145388452
BROCKTON,44,95892,92788,94304,-3104,1516,C,1,25023,13769.724,21.516,93810,-494,32616.9354866,55724091.4612,Mayor,,,Council,11,false,false,City,,,,044,2019,14254591,25956215,25438258,1023487,182971579,8483162,1953369,2526317,30908948,18426736,2753,12557517,324502932
WENDELL,319,798,899,986,101,87,T,3,25011,20623.299,32.224,848,-138,39478.9904182,83459540.1821,Town Coordinator,Select Board,3,Open Town Meeting,,false,false,Town,,,,319,2019,0,0,0,0,0,0,0,0,0,0,0,0,0
WESTFORD,330,14537,16392,20754,1855,4362,T,1,25017,20071.549,31.362,21951,1197,37313.4958908,81226634.0748,Town Manager,Selectmen,5,Open Town Meeting,,false,false,Town,,,,330,2019,5008278,5233294,3548130,1361661,59160406,5916154,1137006,1952740,15735326,637354,1060739,6871725,107622813
NORTH READING,213,11799,12002,13837,203,1835,T,1,25017,8633.043,13.489,14892,1055,30483.1057807,34936710.7917,Town Administrator,Selectmen,5,Open Town Meeting,,false,false,Town,,1970,,213,2019,3111662,3782937,3231135,397964,31384276,4139579,657192,626997,10546057,233958,0,7829474,65941231
TISBURY,296,3209,3120,3755,-89,635,T,1,25007,4205.862,6.571,3949,194,42373.9540119,17020482.9124,Town Administrator,Selectmen,3,Open Town Meeting,,false,false,Town,,,,296,2019,3510066,1818253,879464,1240601,11385087,1743896,473369,570709,4557805,1674145,28890,1369845,29252130
ACTON,2,17672,17872,20331,200,2459,T,2,25017,12988.988,20.295,21924,1593,30789.1879133,52564532.7926,Town Manager,Selectmen,5,Open Town Meeting,,false,false,Town,,1969,,002,2019,7614843,5212556,3369303,289593,61285774,2941918,2095290,1423801,7270250,312130,0,2256359,94071817
MIDDLETON,184,4391,4921,7744,530,2823,T,2,25009,9271.582,14.487,8987,1243,30904.8619758,37520730.6941,Town Administrator,Selectmen,5,Open Town Meeting,,false,false,Town,,1974,,184,2019,1773595,1871905,2183501,272060,22611242,1742561,450229,590919,2447643,434387,0,1280835,35658877
TYRINGHAM,302,365,369,350,4,-19,T,3,25003,12068.374,18.857,327,-23,29485.9906065,48838968.8199,Town Administrator,Selectmen,3,Open Town Meeting,,false,false,Town,,,,302,2019,283078,74946,33516,19824,257165,569617,2406,10458,189707,69877,254,22200,1533048
HINGHAM,131,19942,19821,19882,-121,61,T,3,25023,14557.633,22.747,22157,2275,60681.8168569,58756395.8681,Town Administrator,Selectmen,3,Open Town Meeting,,false,false,Town,,,,131,2019,4714009,6038232,5996141,1625584,53089470,6300216,878779,1942355,13648643,976062,6410,8646544,103862445
WILMINGTON,342,17442,17651,21367,209,3716,T,2,25017,10971.272,17.143,22325,958,31733.7342423,44399123.0316,Town Manager,Selectmen,5,Open Town Meeting,,false,false,Town,,1950,,342,2019,4614355,5459242,4508955,1077115,48930346,6799396,574498,2217340,8408595,3853753,621891,4230474,91295960
RICHMOND,249,1641,1677,1604,36,-73,T,4,25003,12177.903,19.028,1475,-129,32478.0810627,49282258.3631,Town Administrator,Selectmen,3,Open Town Meeting,,false,false,Town,,,,249,2019,579097,5001,135588,77397,3242541,888015,80144,71295,388568,104736,37275,146400,5756057
DOUGLAS,77,4444,5438,7045,994,1607,T,4,25027,24446.014,38.197,8471,1426,44276.2722262,98158644.5747,Town Administrator,Selectmen,5,Open Town Meeting,,false,false,Town,,,,077,2019,1622997,1727655,484571,779108,16486040,1106518,205610,337668,4093147,14435,230301,2964824,30052874
ABINGTON,1,13579,13817,14605,238,788,T,3,25023,6521.335,10.19,15985,1380,24139.4131198,26390847.0697,Town Manager,Selectmen,5,Open Town Meeting,,false,false,Town,,1974,,001,2019,1939565,3191481,2420298,179597,24807451,2607331,496623,638511,9309436,860443,3164,4686768,51140668
CHILMARK,62,583,650,843,67,193,T,1,25007,12973.821,20.272,866,23,60568.4825743,52505813.3371,Executive Secretary,Selectmen,3,Open Town Meeting,,false,false,Town,,,,062,2019,1440849,688584,215271,1167588,3667596,364209,415658,645295,1233290,401226,0,486318,10725884
SOUTHWICK,279,7634,7667,8835,33,1168,T,2,25013,20253.252,31.646,9502,667,43832.4226105,81970458.9112,Chief Administrative Officer,Select Board,3,Open Town Meeting,,false,false,Town,,,,279,2019,1713297,1999027,360646,1171551,11076993,2323852,312654,580704,2265077,70865,236100,622939,22733705
YARMOUTH,351,19690,21174,24807,1484,3633,T,1,25001,15947.252,24.918,23793,-1014,89979.3895744,64536231.1276,Town Administrator,Selectmen,5,Open Town Meeting,,false,false,Town,,,,351,2019,4360957,7859428,7342434,1527633,36353126,7495049,1532700,1899408,8154933,0,295694,1326392,78147754
ALFORD,6,402,418,399,16,-19,T,1,25003,7381.318,11.533,494,95,25353.4406533,29871126.0729,,Selectmen,3,Open Town Meeting,,false,false,Town,,,,006,2019,189837,38372,31778,17411,433904,554534,6507,7366,133081,384,0,92543,1505717
HANSON,123,8970,9028,9515,58,487,T,3,25023,10069.083,15.733,10209,694,30621.3853833,40748136.4878,Town Administrator,Selectmen,5,Open Town Meeting,,false,false,Town,,,,123,2019,1891385,2325139,2486603,485454,11369455,1393598,220133,479294,3517499,155037,0,495832,24819429
MEDWAY,177,8890,9931,12448,1041,2517,T,4,25021,7466.683,11.667,12752,304,27338.5944292,30216566.71,Town Administrator,Selectmen,5,Open Town Meeting,,false,false,Town,,,,177,2019,2851576,2944683,1155818,287662,27695839,2346366,422410,952003,8576012,812334,3438939,2925742,54409384
WEST BROOKFIELD,323,3191,3532,3804,341,272,T,1,25027,13508.663,21.107,3701,-103,43224.9861194,54667629.8196,Executive Secretary,Selectmen,3,Open Town Meeting,,false,false,Town,,,,323,2019,632581,602766,161153,89845,3909214,1021881,169519,231939,742559,1034,2534,47214,7612239
NEW SALEM,204,780,802,929,22,127,T,2,25011,37560.59,58.688,990,61,84546.9021708,152002274.107,Town Coordinator,Select Board,3,Open Town Meeting,,false,false,Town,,,,204,2019,213804,138641,101833,58595,1767583,393182,19008,63545,158011,8149,0,79735,3002086
CHATHAM,55,6401,6579,6625,178,46,T,4,25001,10906.542,17.043,6125,-500,151757.308105,44137184.3415,Town Manager,Selectmen,5,Open Town Meeting,,false,false,Town,,,,055,2019,4760405,2882584,3591565,2039725,9355020,4534028,1489747,1847835,5239456,772652,164516,6697531,43375064
WALTHAM,308,57713,57878,59226,165,1348,C,1,25017,8809.167,13.764,60632,1406,26261.4171269,35641539.7353,Mayor,,,Council,15,false,false,City,,,B,308,2019,12895009,18144022,17782141,3894341,88224763,15257545,2557369,4372549,20595889,1985334,2500,10919860,196631322
HOLBROOK,133,10992,11041,10785,49,-256,T,2,25021,4712.41,7.363,10791,6,17630.6005704,19070454.5153,Town Administrator,Selectmen,5,Representative Town Meeting,,false,false,Town,,,,133,2019,1631678,2928933,3330789,507353,16441700,1488741,139699,392120,7894117,1112960,8920,4458913,40335923
HOLYOKE,137,43090,43704,39838,614,-3866,C,4,25013,14591.205,22.799,39880,42,39801.7387995,59048524.8706,Mayor,,,Council,15,false,false,City,,,A,137,2019,3945316,12236114,8826333,691295,65423776,5271093,1712703,1782366,23321899,19487272,1384531,4220394,148303092
NEW ASHFORD,200,144,192,247,48,55,T,1,25003,8624.021,13.475,228,-19,27059.6859147,34900171.8461,,Selectmen,3,Open Town Meeting,,false,false,Town,,,,200,2019,66031,0,22332,2000,504353,91211,20607,0,0,0,6622,0,713156
NEW MARLBOROUGH,203,1251,1240,1494,-11,254,T,3,25003,30654.096,47.897,1509,15,47703.5815303,124052650.766,Town Administrator,Selectmen,3,Open Town Meeting,,false,false,Town,,,,203,2019,337386,174531,100847,124022,2821703,1296595,41970,111179,402572,1878,7500,162110,5582293
MONTGOMERY,194,654,759,654,105,-105,T,2,25013,9642.865,15.067,838,184,29540.1805962,39023285.0195,,Selectmen,3,Open Town Meeting,,false,false,Town,,,,194,2019,162825,1333,34973,29945,1088359,277729,1419,20359,131192,0,1000,0,1749134
ANDOVER,9,27203,29151,31247,1948,2096,T,3,25009,20577.61,32.153,33201,1954,46867.690659,83274583.6225,Town Manager,Selectmen,5,Open Town Meeting,,false,false,Town,,,,009,2019,10927210,7608960,8071413,1055221,83220970,6796666,871823,5348990,12240217,844795,489108,14314814,151790187
EAST BROOKFIELD,84,1885,2033,2097,148,64,T,4,25027,6670.199,10.422,2183,86,25622.6438,26993330.8532,,Selectmen,3,Open Town Meeting,,false,false,Town,,,,084,2019,369927,459284,245884,253559,2438715,654961,57052,113331,524535,68887,0,128800,5314935
NORTH ATTLEBOROUGH,211,21787,25038,27143,3251,2105,T,3,25005,12402.569,19.379,28712,1569,32069.5274804,50191425.7033,Town Administrator,Selectmen,5,Representative Town Meeting,,false,false,Town,,,,211,2019,3292898,5295339,3941096,1837536,44578017,2102645,862827,1204550,14645914,4696708,706283,3943944,87107757
WEYMOUTH,336,54273,54063,53988,-210,-75,TC,1,25021,11412.212,17.832,53743,-245,54997.2522376,46183620.4009,Mayor,,,Council,11,false,true,City,,1999,,336,2019,6651771,12550946,8854439,644141,74899779,10939869,1184182,2238537,14276457,2909976,28729,10413688,145592514
WESTHAMPTON,331,1268,1327,1468,59,141,T,4,25015,17509.641,27.359,1607,139,34724.9885416,70859022.3192,,Select Board,3,Open Town Meeting,,false,false,Town,,,,331,2019,296260,89298,54015,41628,3633619,557352,43639,92682,567265,23009,103503,249361,5751631
WEST BOYLSTON,321,6063,6611,7481,548,870,T,4,25027,8872.45,13.863,7669,188,30912.773965,35905571.4877,Town Administrator,Selectmen,5,Open Town Meeting,,false,false,Town,,,,321,2019,1110445,1691403,1139171,293386,12205769,1734650,160542,465082,4793371,439525,224033,618626,24876003
SPENCER,280,11265,11645,11691,380,46,T,1,25027,21763.992,34.006,11688,-3,40448.9737212,88075637.721,Town Administrator,Selectmen,5,Open Town Meeting,,false,false,Town,,,,280,2019,1019642,2126237,825460,253952,10122816,1904582,353865,464995,2042466,133711,0,632111,19879837
GILL,106,1279,1583,1363,304,-220,T,1,25011,9474.064,14.803,1500,137,32020.0521982,38340969.9294,,Selectmen,3,Open Town Meeting,,false,false,Town,,,,106,2019,323121,187727,88616,21305,1816221,523027,26634,29823,222351,36689,0,52986,3328500
DENNIS,75,13545,13864,15973,319,2109,T,4,25001,13359.794,20.875,14207,-1766,92632.5371646,54065148.1616,Town Administrator,Selectmen,5,Open Town Meeting,,false,false,Town,,,,075,2019,5646559,5888042,5922768,1306747,18181102,5218856,967522,3487380,6499583,899642,267791,2101651,56387643
LEVERETT,154,1479,1785,1663,306,-122,T,2,25011,14692.964,22.958,1851,188,31459.9115084,59460360.3072,Town Administrator,Select Board,3,Open Town Meeting,,false,false,Town,,,,154,2019,385914,162432,171013,60515,3957650,473655,12760,77151,251865,157650,0,456150,6166755
PHILLIPSTON,235,994,1485,1621,491,136,T,4,25027,15766.222,24.635,1682,61,43317.9246244,63803647.7995,Chief Administrative Officer,Select Board,3,Open Town Meeting,,false,false,Town,,,,235,2019,552290,335700,357928,107189,1883581,400406,73542,24017,212725,0,13672,87616,4048666
CHELMSFORD,56,31150,32383,33858,1233,1475,T,2,25017,14773.823,23.084,33802,-56,38973.277804,59787673.8263,Town Manager,Selectmen,5,Representative Town Meeting,,false,false,Town,,1989,,056,2019,5283792,6550698,5966505,432094,61907730,7066091,1041537,2157556,22395431,2136415,0,14186968,129124817
SOUTH HADLEY,275,16315,16685,17196,370,511,T,3,25015,11797.438,18.433,17514,318,33276.4304141,47742393.2498,Town Administrator,Select Board,5,Representative Town Meeting,,false,false,Town,,,,275,2019,2208557,2818641,0,257919,21294912,1287646,862247,1348787,8014624,2364341,0,3175572,43633246
WILLIAMSBURG,340,2447,2515,2427,68,-88,T,3,25015,16430.14,25.672,2482,55,36652.4715174,66490371.6339,Town Administrator,Selectmen,3,Open Town Meeting,,false,false,Town,,,,340,2019,573008,212885,100035,108024,3755635,758081,99119,161388,1038699,310913,84236,565626,7767649
BROOKFIELD,45,2543,2968,3051,425,83,T,3,25027,10611.664,16.581,3390,339,32910.498845,42943885.8891,,Selectmen,3,Open Town Meeting,,false,false,Town,,,,045,2019,0,0,0,0,0,0,0,0,0,0,0,0,0
LEICESTER,151,9584,10191,10471,607,280,T,4,25027,15765.182,24.633,10970,499,32321.7353498,63799533.5172,Town Administrator,Selectmen,5,Open Town Meeting,,false,false,Town,,,,151,2019,1394968,2151650,409155,617541,17681188,1083943,215145,228222,4523117,617293,0,1314814,30237036
HINSDALE,132,1675,1959,1872,284,-87,T,3,25003,13883.888,21.693,2032,160,37177.7713736,56186094.2024,Town Administrator,Select Board,3,Open Town Meeting,,false,false,Town,,,,132,2019,594732,300697,93431,32054,2680461,787204,59694,80155,349792,21887,1580,18176,5019863
SHREWSBURY,271,22548,24146,31565,1598,7419,T,1,25027,13923.977,21.756,35608,4043,32165.8765976,56348338.6348,Town Manager,Selectmen,5,Representative Town Meeting,,false,false,Town,,,,271,2019,6796570,5236228,4088734,446073,64135935,7908610,656857,2129270,18384675,1044566,1305191,8987001,121119710
PROVINCETOWN,242,3562,3561,3431,-1,-130,T,4,25001,6683.136,10.443,2942,-489,59850.9429621,27045667.987,Town Manager,Select Board,5,Open Town Meeting,,false,false,Town,,1990,,242,2019,2505049,2700068,1793555,2833887,4390393,5083876,398568,718336,6855198,835060,13797,1774498,29902285
UPTON,303,4158,4677,5642,519,965,T,4,25027,13973.232,21.833,7542,1900,37250.7159109,56547641.9061,Town Manager,Selectmen,3,Open Town Meeting,,false,false,Town,,,,303,2019,2100184,1778887,1072799,238338,12902017,1668888,351243,309210,1473219,58803,2880,463723,22420191
BILLERICA,31,37608,37609,38981,1,1372,T,3,25017,16842.426,26.316,40243,1262,39129.8127597,68158855.1548,Town Manager,Selectmen,5,Representative Town Meeting,,false,false,Town,,1979,,031,2019,6040532,8596917,8491322,2380763,75128613,8000981,1124016,2872556,16319926,5001747,0,7878081,141835454
ROCHESTER,250,3542,3921,4581,379,660,T,2,25023,23061.655,36.034,5232,651,43501.8699672,93327184.0191,Town Administrator,Selectmen,3,Open Town Meeting,,false,false,Town,,,,250,2019,1310292,1295577,278426,881357,12561559,1135069,390925,239373,2127899,107965,23849,1243353,21595644
HARVARD,125,13174,12329,5981,-845,-6348,T,2,25027,17378.306,27.153,6520,539,39222.2972849,70327484.6365,Town Administrator,Select Board,5,Open Town Meeting,,false,false,Town,,,,125,2019,1553234,1192804,514959,117207,15529571,1673637,234594,730379,4362947,329836,500000,1370047,28109215
REHOBOTH,247,7842,8656,10172,814,1516,T,1,25005,30380.21,47.47,11608,1436,48076.0722165,122955802.202,Town Administrator,Selectmen,5,Open Town Meeting,,false,false,Town,,,,247,2019,2099602,3218390,1548339,361286,18527040,832542,406265,237158,2067701,384930,0,93436,29776689
SHIRLEY,270,5447,6118,6373,671,255,T,1,25017,10175.276,15.899,7211,838,35035.6528229,41168767.5163,Town Administrator,Selectmen,3,Open Town Meeting,,false,false,Town,,,,270,2019,1106939,1038811,287340,167560,8366369,494930,167251,263222,1554576,60394,3650,400286,13911328
BUCKLAND,47,1872,1928,1991,56,63,T,3,25011,12721.365,19.877,1902,-89,34117.604345,51481537.3256,Town Administrator,Select Board,3,Open Town Meeting,,false,false,Town,,,,047,2019,492390,199029,0,21494,2571082,687966,121901,94027,312627,27559,0,91134,4619209
HATFIELD,127,3110,3184,3249,74,65,T,4,25015,10766.254,16.822,3279,30,30192.9921214,43569506.9827,Town Administrator,Selectmen,3,Open Town Meeting,,false,false,Town,,,,127,2019,862327,222070,227838,119393,4771684,886603,168260,118332,1266886,0,0,200370,8843763
BOXBOROUGH,37,3189,3343,4868,154,1525,T,4,25017,6659.879,10.406,4996,128,21176.9210414,26951584.4099,Town Administrator,Selectmen,5,Open Town Meeting,,false,false,Town,,,,037,2019,1013204,1671209,919651,101999,11594433,1016735,144169,393459,1830425,72420,0,1135061,19892765
HOLDEN,134,13512,14628,15621,1116,993,T,1,25027,23244.931,36.32,17346,1725,43894.3184171,94067335.282,Town Manager,Selectmen,5,Open Town Meeting,,false,false,Town,,,,134,2019,2474762,2234672,2123673,591250,28942893,3771407,341142,936023,3338279,140528,0,5446315,50340944
METHUEN,181,38447,39990,43789,1543,3799,C,1,25009,14717.047,22.996,47255,3466,44707.1015891,59557813.6864,Mayor,,,Council,9,true,false,City,,1972,,181,2019,4199620,12501552,9841111,1087118,80909649,10062995,1049754,1516480,14609267,2797857,0,4130396,142705799
ASHFIELD,13,1502,1715,1800,213,85,T,2,25011,25776.385,40.275,1737,-63,41119.4062451,104229566.88,Town Administrator,Select Board,3,Open Town Meeting,,false,false,Town,,,,013,2019,435965,133232,64513,108172,2561349,689731,64782,119486,158853,57756,0,73607,4467446
SWANSEA,292,15442,15411,15901,-31,490,T,3,25005,14693.526,22.96,15865,-36,75349.4035481,59451059.2256,Town Administrator,Selectmen,3,Open Town Meeting,,false,false,Town,,,,292,2019,1722490,4008089,825196,225542,23122093,1521060,980796,494550,8750799,751800,0,1032132,43434547
SPRINGFIELD,281,150454,156983,152082,6529,-4901,C,3,25013,21169.403,33.077,153060,978,40707.8465784,85669527.5599,Mayor,,,Council,13,false,false,City,,,A,281,2019,26127830,52107554,22339682,3930798,366224323,10641806,3684817,14712276,128108490,3682771,0,33899692,665460039
BEDFORD,23,12800,12996,12595,196,-401,T,1,25017,8856.486,13.838,13320,725,24810.3178902,35840949.7262,Town Manager,Selectmen,5,Open Town Meeting,,false,false,Town,,1974,,023,2019,6281704,3989494,2533385,507926,41781479,9068595,1258421,1547381,11569296,4005422,0,8049294,90592397
ASHLAND,14,10328,12066,14674,1738,2608,T,3,25017,8239.158,12.874,16593,1919,25926.5179796,33342677.447,Town Manager,Selectmen,5,Open Town Meeting,,false,false,Town,,,,014,2019,3814570,3498980,2376702,200386,32200985,1766007,567760,473767,9282469,621927,0,3036165,57839718
MONROE,190,148,115,93,-33,-22,T,1,25011,6904.168,10.788,121,28,23556.475457,27940186.5533,,Select Board,3,Open Town Meeting,,false,false,Town,,,,190,2019,255364,1450,10471,0,281312,314574,4229,1145,185214,0,0,57234,1110993
OAKHAM,222,1099,1503,1673,404,170,T,4,25027,13579.397,21.218,1902,229,31528.2350142,54953855.8457,,Selectmen,3,Open Town Meeting,,false,false,Town,,,,222,2019,0,0,0,0,0,0,0,0,0,0,0,0,0
EASTHAMPTON,87,16189,15537,15994,-652,457,C,3,25015,8707.337,13.605,16053,59,33943.9972683,35237336.2891,Mayor,,,Council,9,true,false,City,,1996,,087,2019,1785540,3139836,2156078,459952,17222745,1954974,597201,557161,8696613,2566017,6913,2371715,41514745
NORTH ANDOVER,210,21670,22792,27202,1122,4410,T,4,25009,17738.929,27.716,28352,1150,41127.5904279,71785076.4235,Town Manager,Selectmen,5,Open Town Meeting,,false,false,Town,,1986,,210,2019,4568242,5105693,5041999,351341,49857184,5517037,1198761,1077111,15783342,606945,852765,5325697,95286117
NORTON,218,13156,14265,18036,1109,3771,T,3,25005,18759.888,29.312,19031,995,36981.0016479,75918561.772,Town Manager,Selectmen,5,Open Town Meeting,,false,false,Town,,1989,,218,2019,2423100,3757946,4051238,1160317,30129563,1173731,543422,443782,11288956,1899668,0,2172519,59044242
HAMPDEN,120,4665,4709,5171,44,462,T,4,25013,12568.904,19.639,5139,-32,29419.000427,50864543.1249,,Selectmen,3,Open Town Meeting,,false,false,Town,,,,120,2019,780566,1454590,261026,113620,8214773,1278172,225504,245825,883345,20533,18496,660335,14156785
SUNDERLAND,289,2883,3399,3777,516,378,T,3,25011,9431.164,14.736,3684,-93,26659.4255343,38166560.6533,Town Administrator,Selectmen,3,Open Town Meeting,,false,false,Town,,,,289,2019,749714,475779,93545,245305,4819336,453602,65854,147636,790736,272166,0,275347,8389020
LEYDEN,156,528,662,772,134,110,T,1,25011,11556.094,18.056,711,-61,31720.6856584,46765869.9266,Municipal Assistant,Selectmen,3,Open Town Meeting,,false,false,Town,,,,156,2019,173574,57916,19505,18853,888495,325378,8829,25267,108112,7947,0,0,1633876
HUNTINGTON,143,1858,1987,2174,129,187,T,3,25015,17147.368,26.793,2180,6,39859.2779459,69392918.1055,,Selectmen,3,Open Town Meeting,,false,false,Town,,,,143,2019,403390,129213,93752,97533,3115610,528879,48212,96784,190684,6779,12000,68745,4791581
DUDLEY,80,8674,9540,10036,866,496,T,2,25027,14009.645,21.89,11390,1354,32879.2032279,56694980.5268,Town Administrator,Selectmen,5,Open Town Meeting,,false,false,Town,,,,080,2019,1192082,1758771,1107671,89645,10238627,1029000,205085,300105,1695405,25807,70834,1245717,18958749
BROOKLINE,46,53302,54718,57291,1416,2573,T,2,25021,4365.923,6.822,58732,1441,19268.3193888,17676103.6014,Town Administrator,Select Board,5,Representative Town Meeting,,false,false,Town,,,,046,2019,12444751,16738310,15771245,2074485,116389275,13321964,2318926,7353301,59972119,6656579,0,15631274,268672229
WEST NEWBURY,324,3084,3421,4149,337,728,T,4,25009,9424.053,14.725,4235,86,25490.0825089,38137768.2552,Town Manager,Selectmen,3,Open Town Meeting,,false,false,Town,,,,324,2019,978486,1079696,398126,422389,8054847,1416202,310356,372746,1261801,71455,0,471900,14838004
LITTLETON,158,7144,7051,8184,-93,1133,T,3,25017,11206.517,17.51,8924,740,27777.2939162,45351168.6213,Town Administrator,Selectmen,5,Open Town Meeting,,false,false,Town,,,,158,2019,3866403,1964426,1680584,747256,20627643,4573061,428686,774512,7260273,1210087,2957,3490744,46626632
OAK BLUFFS,221,2214,2804,3713,590,909,T,3,25007,4739.531,7.406,4527,814,36863.2232428,19180199.0439,Town Administrator,Selectmen,5,Open Town Meeting,,false,false,Town,,,,221,2019,3203557,2416131,360361,1427650,13074932,1702620,496502,703470,4259135,1141024,45656,2540920,31371958
RUTLAND,257,4527,4936,6353,409,1417,T,3,25027,23206.98,36.261,7973,1620,39897.0030981,93915322.6501,Town Administrator,Selectmen,5,Open Town Meeting,,false,false,Town,,,,257,2019,1160209,1050078,240114,1514966,12527764,1365674,96626,251387,1530415,31906,0,2387815,22156954
MATTAPOISETT,173,5705,5850,6268,145,418,T,1,25023,11195.678,17.493,6045,-223,62048.6799256,45307295.9396,Town Administrator,Selectmen,3,Open Town Meeting,,false,false,Town,,,,173,2019,1831911,2365329,659849,727922,13441309,1650566,534451,551818,3815267,123559,423171,1050529,27175681
WESTPORT,334,13861,13852,14183,-9,331,T,1,25005,33350.758,52.112,15532,1349,192261.110272,134965743.948,Town Administrator,Selectmen,5,Open Town Meeting,,false,false,Town,,,,334,2019,0,0,0,0,0,0,0,0,0,0,0,0,0
HAVERHILL,128,47715,51418,58969,3703,7551,C,2,25009,22851.919,35.706,60879,1910,43123.4076071,92457998.4264,Mayor,,,Council,9,false,false,City,,,A,128,2019,4088339,12310404,10761364,413489,93238390,10026254,1958097,2167554,38586376,5948668,0,8955423,188454358
HEATH,130,536,716,805,180,89,T,2,25011,15944.307,24.913,706,-99,33843.4293227,64524358.5405,Town Coordinator,Selectmen,3,Open Town Meeting,,false,false,Town,,,,130,2019,350039,27042,29130,9209,1057467,472732,27075,43299,202474,12235,0,106653,2337355
SUDBURY,288,13993,14358,16841,365,2483,T,2,25017,15837.51,24.746,17659,818,39739.9706711,64092081.2923,Town Manager,Selectmen,5,Open Town Meeting,,false,false,Town,,1994,,288,2019,3455367,3954293,4287567,258687,63878833,5114006,746972,1685363,10450431,209519,191185,3031825,97264048
ROWLEY,254,4125,4452,5500,327,1048,T,4,25009,11864.981,18.54,5856,356,80141.68704,48015902.1953,Town Administrator,Selectmen,5,Open Town Meeting,,false,false,Town,,,,254,2019,1189269,1601191,519314,209169,10799903,624539,310649,329628,1284967,108275,0,1166263,18143167
WHATELY,337,1363,1375,1573,12,198,T,2,25011,13226.018,20.666,1496,-77,32807.4681439,53523815.9439,Town Administrator,Select Board,3,Open Town Meeting,,false,false,Town,,,,337,2019,476919,245004,81691,115220,2840879,451390,42272,87639,611149,132050,0,131439,5215652
BOURNE,36,14995,16064,18721,1069,2657,T,3,25001,26293.233,41.083,19754,1033,140485.734252,106404912.496,Town Administrator,Selectmen,5,Open Town Meeting,,false,false,Town,,,,036,2019,3560609,4244313,4609667,1582468,25771801,2440382,979578,887189,6344332,4613980,1062265,5966655,62063239
WASHINGTON,313,553,615,544,62,-71,T,4,25003,24841.813,38.815,538,-6,46865.1066034,100531272.387,,Select Board,3,Open Town Meeting,,false,false,Town,,,,313,2019,154882,25330,22078,5763,735565,463924,12400,13931,90773,957,2252,63750,1591605
WILLIAMSTOWN,341,8383,8220,8424,-163,204,T,4,25003,29986.518,46.854,7754,-670,46832.4087057,121351111.967,Town Manager,Select Board,5,Open Town Meeting,,false,false,Town,,,,341,2019,1293785,1354920,0,312878,12075376,2229856,388379,637763,2070667,55662,4550,602272,21026108
SHELBURNE,268,1986,2012,2058,26,46,T,2,25011,14982.985,23.411,1893,-165,35371.190643,60633977.0156,Town Administrator,Select Board,3,Open Town Meeting,,false,false,Town,,,,268,2019,415762,350268,56,21442,2434969,507737,93141,151475,304062,52378,0,4331,4335621
AQUINNAH,104,184,201,344,17,143,T,2,25007,3697.122,5.777,311,-33,21866.9007777,14961880.7814,Town Administrator,Selectmen,3,Open Town Meeting,,false,false,Town,,,,104,2019,864717,610405,103844,517146,1682295,358195,143699,289099,561564,57268,76767,84751,5349750
EAST LONGMEADOW,85,12535,13367,14100,832,733,T,1,25013,8324.717,13.007,15720,1620,23285.4170462,33688897.8143,Town Manager,,,Council,7,false,false,City,,,,085,2019,4241685,2891403,1597108,364905,30713040,3131585,739059,999564,9922874,402847,0,2628058,57632128
SOUTHAMPTON,276,4354,4478,5387,124,909,T,1,25015,18525.885,28.947,5792,405,43242.5737201,74971617.8838,Town Administrator,Selectmen,5,Open Town Meeting,,false,false,Town,,,,276,2019,643461,911000,375865,539178,11063933,853780,117924,165377,2111683,11287,18873,242036,17054397
GARDNER,103,18150,20125,20770,1975,645,C,3,25027,14728.281,23.013,20228,-542,37834.076167,59603256.5346,Mayor,,,Council,11,false,false,City,,,B,103,2019,2498459,3479972,2586277,2004542,24626700,3379818,1167410,890370,5468056,2386075,431358,1336552,50255589
RAYNHAM,245,9166,9867,11739,701,1872,T,1,25005,13288.052,20.762,13383,1644,39648.2123407,53774797.2399,Town Administrator,Selectmen,3,Open Town Meeting,,false,false,Town,,,,245,2019,1738151,4878262,3218011,957836,21171494,2242551,393940,662704,4174471,403115,4100,192937,40037572
ROCKPORT,252,6603,7482,7767,879,285,T,4,25009,4490.801,7.018,6952,-815,36737.8919738,18173634.2351,Town Administrator,Selectmen,5,Open Town Meeting,,false,false,Town,,,,252,2019,2316023,1856474,260399,603587,12104212,2400961,153406,649016,6832812,786357,264952,1695531,29923730
WESTON,333,10908,10200,11465,-708,1265,T,4,25017,11091.56,17.33,11261,-204,30579.5459288,44885981.6288,Town Manager,Selectmen,3,Open Town Meeting,,false,false,Town,,,,333,2019,4462590,3753679,4021443,272063,40634916,5705543,789631,1320355,16330735,295158,0,8545643,86131756
MONSON,191,7374,7776,8359,402,583,T,1,25013,28656.996,44.776,8560,201,45989.136383,115984593.592,Town Administrator,Selectmen,3,Open Town Meeting,,false,false,Town,,,,191,2019,1367588,1301888,407698,892363,13063421,1525551,246495,533931,4375957,751780,123236,1448933,26038841
SANDISFIELD,260,765,667,824,-98,157,T,2,25003,33889.271,52.952,915,91,51851.2925945,137145039.035,Town Administrator,Selectmen,3,Open Town Meeting,,false,false,Town,,,,260,2019,514790,65602,127757,24547,1444802,1066633,62739,24010,237315,0,0,0,3568195
ERVING,91,1430,1372,1467,-58,95,T,2,25011,9206.91,14.386,1800,333,34299.9957106,37259039.7635,Administrative Coordinator,Selectmen,3,Open Town Meeting,,false,false,Town,,,,091,2019,611736,441788,277418,80856,4881941,928612,175338,155849,1633851,456008,0,0,9643397
MONTEREY,193,925,805,934,-120,129,T,1,25003,17538.68,27.404,961,27,34138.4504082,70976478.404,Town Administrator,Select Board,3,Open Town Meeting,,false,false,Town,,,,193,2019,349264,220998,178801,78336,1590899,1332954,35419,121024,349759,0,0,236602,4494056
WEST TISBURY,327,1182,1704,2467,522,763,T,4,25007,16823.145,26.286,2740,273,35866.5606188,68080842.4545,Town Administrator,Selectmen,3,Open Town Meeting,,false,false,Town,,,,327,2019,1592924,1250559,449325,724280,10519956,438713,614894,891457,1404311,193440,0,1029798,19109657
TOWNSEND,299,8074,8496,9198,422,702,T,3,25017,21104.057,32.975,8926,-272,37244.9937339,85405105.5062,Town Administrator,Selectmen,3,Open Town Meeting,,false,false,Town,,,,299,2019,1635054,1640481,1238005,432997,12837223,1898704,277872,386081,1897268,0,169,497432,22741286
WINTHROP,346,18896,18127,18303,-769,176,TC,3,25025,1457.32,2.278,17497,-806,27337.4084838,5897573.54065,Town Manager,,,Council,9,false,true,City,,2005,,346,2019,2822788,4076935,3081873,937126,21101697,4125800,455478,574832,9509098,1021572,0,4163675,51870874
STOCKBRIDGE,283,2320,2408,2276,88,-132,T,1,25003,15155.009,23.68,1947,-329,32704.8016507,61330144.2689,Town Administrator,Selectmen,3,Open Town Meeting,,false,false,Town,,1937,,283,2019,1405942,750513,200564,392297,2900023,1367583,192986,274279,1000406,77680,1513,1527880,10091666
ORLEANS,224,5741,5838,6341,97,503,T,1,25001,9323.192,14.567,5890,-451,107283.354325,37726702.9153,Town Administrator,Selectmen,5,Open Town Meeting,,false,false,Town,,1987,,224,2019,2453294,2617137,3115311,860954,9943272,1653132,1143274,2304915,4768037,638171,0,6942241,36439738
AYER,19,6637,6871,7287,234,416,T,4,25017,6082.089,9.503,7427,140,25016.9070166,24613334.6526,Town Manager,Selectmen,3,Open Town Meeting,,false,false,Town,,,,019,2019,2333562,2507363,1711041,177989,12351435,1408552,351303,759302,3264012,97094,0,1112422,26074075
OXFORD,226,11891,12558,13352,667,794,T,1,25027,17550.47,27.422,13709,357,44612.8503778,71024192.6881,Town Manager,Selectmen,5,Open Town Meeting,,false,false,Town,,1972,,226,2019,2729819,2382879,0,1667012,18935086,3606817,251790,794549,6668104,1152701,0,1298310,39487067
PITTSFIELD,236,50340,48622,45793,-1718,-2829,C,1,25003,27178.985,42.467,44737,-1056,42063.9993402,109989259.324,Mayor,,,Council,11,false,false,City,,,B,236,2019,4847905,10288679,7060305,363861,62054582,8972664,1734699,1683496,40983208,6194181,375733,11661554,156220867
HOPKINTON,139,7874,9191,13346,1317,4155,T,2,25017,17825.465,27.852,14925,1579,36926.9137349,72137074.9595,Town Manager,Selectmen,5,Open Town Meeting,,false,false,Town,,,,139,2019,3903327,3087580,2965307,34949,45522629,5634384,754476,525110,10188520,601109,0,9450524,82667915
RUSSELL,256,1524,1594,1657,70,63,T,1,25013,11458.464,17.904,1775,118,31755.7457256,46370746.9885,,Select Board,3,Open Town Meeting,,false,false,Town,,,,256,2019,349861,65985,111276,76049,2614631,321133,35509,61064,298030,8261,286,31304,3973389
MERRIMAC,180,4733,5166,6138,433,972,T,3,25009,5691.938,8.894,6338,200,20077.3806659,23057178.0794,,Selectmen,3,Open Town Meeting,,false,false,Town,,,,180,2019,820261,1209538,417230,473522,9192063,1257948,456892,302768,963496,97339,10000,497227,15698284
NORTHBRIDGE,216,12265,13371,13182,1106,-189,T,1,25027,11552.261,18.05,15707,2525,30706.1476727,46750345.4956,Town Manager,Selectmen,5,Open Town Meeting,,false,false,Town,,,,216,2019,1517608,2731460,857811,1203257,27052988,1936398,370129,265527,7611104,184136,0,669421,44399839
BLANDFORD,33,1120,1187,1214,67,27,T,2,25013,34201.772,53.44,1233,19,46280.021888,138409560.242,Town Administrator,Select Board,3,Open Town Meeting,,false,false,Town,,,,033,2019,626424,28607,50561,55693,1660146,575504,32640,68900,201846,4549,0,99040,3403910
HOLLISTON,136,12900,12926,13801,26,875,T,1,25017,12193.36,19.052,13547,-254,33820.8309292,49344837.1329,Town Administrator,Selectmen,3,Open Town Meeting,,false,false,Town,,,,136,2019,2194321,2781661,1294596,626202,35558889,3125677,492366,811004,7809292,464875,1409,5389160,60549452
GREENFIELD,114,18073,18666,18168,593,-498,TC,3,25011,13998.397,21.872,17456,-712,34664.7520135,56649477.6976,Mayor,,,Council,13,false,true,City,,2003,,114,2019,4111295,3266882,2246161,906697,19858987,2462475,709506,830043,12216938,4142865,0,4505932,55257781
GRAFTON,110,11850,13035,14894,1185,1859,T,2,25027,14917.941,23.309,17765,2871,33511.870244,60355752.9669,Town Administrator,Selectmen,5,Open Town Meeting,,false,false,Town,,1987,,110,2019,2515106,2232276,740865,222037,34874253,2891110,499812,1125524,7348315,742984,0,4543296,57735578
BLACKSTONE,32,6712,8023,8804,1311,781,T,4,25027,7283.409,11.38,9026,222,21883.0793513,29603901.4801,Town Administrator,Selectmen,5,Open Town Meeting,,false,false,Town,,1974,,032,2019,1961448,1794838,1129809,462260,10458678,2203884,427536,672194,1491092,43844,16112,1140641,21802336
MEDFORD,176,57343,57407,55765,64,-1642,C,3,25017,5406.88612,8.44821,56173,408,31500.5578033,21880878.0471,Mayor,,,Council,7,false,false,City,,,A,176,2019,4584312,13791821,13498506,1301949,58680558,12870245,1293611,2721043,32798178,10286228,0,6722970,158549421
LOWELL,160,93473,103439,105167,9966,1728,C,4,25017,9298.78,14.531,106519,1352,28403.6640576,37630657.8658,Mayor-Manager,,,Council,9,false,false,City,,E,,160,2019,13295723,27603304,18951110,1154395,179084486,11758078,3710026,4009600,52775821,25253169,1388167,9514529,348498408
BEVERLY,30,34575,38195,39862,3620,1667,C,1,25009,9863.262,15.411,39502,-360,38638.7063498,39915208.4748,Mayor,,,Council,9,false,false,City,,,A,030,2019,5872776,7802103,6502166,1009449,59969424,4801678,1642925,3446661,11480929,1657290,0,10847899,115033300
GLOUCESTER,107,28092,28716,30273,624,1557,C,3,25009,17088.57,26.7,28789,-1484,159379.402958,69154959.4924,Mayor,,,Council,9,false,false,City,,1975,,107,2019,5360240,6667789,8799116,736049,37669124,10992773,1224895,934586,22517036,2636256,628089,11901330,110067283
CHESTER,59,1182,1280,1308,98,28,T,4,25013,23784.924,37.164,1337,29,37542.2728555,96254154.195,Town Administrator,Selectmen,3,Open Town Meeting,,false,false,Town,,,,059,2019,271826,61936,42036,38890,1672623,550231,63261,41517,214195,0,0,80843,3037358
WINCHESTER,344,20021,20267,20810,246,543,T,2,25017,4062.159,6.347,21374,564,19080.5641318,16439015.8068,Town Manager,Select Board,5,Representative Town Meeting,,false,false,Town,,1975,,344,2019,7798467,4827686,4551327,274465,49974412,8452015,647889,1959049,17500519,573680,27900,12993748,109581157
MILLVILLE,188,1911,2236,2724,325,488,T,1,25027,3178.706,4.967,3190,466,15683.7435118,12736593.7609,Town Administrator,Selectmen,5,Open Town Meeting,,false,false,Town,,,,188,2019,659531,507802,227644,162760,3777935,427888,54390,17528,261114,0,2500,45640,6144732
BRIDGEWATER,42,17813,21249,25185,3436,3936,TC,2,25023,18150.291,28.358,26563,1378,39191.8015787,73451631.1913,Town Manager,,,Council,9,false,true,City,,,,042,2019,3007358,5192714,5672371,472089,31005556,1893394,439133,629339,6476668,405755,134952,974235,56303564
TOLLAND,297,232,289,426,57,137,T,3,25013,20999.966,32.812,485,59,38616.4451833,84983826.5325,,Selectmen,3,Open Town Meeting,,false,false,Town,,,,297,2019,281786,54482,44036,2174,535189,518659,12730,20387,160034,0,5625,135682,1770784
CANTON,50,18177,18530,20775,353,2245,T,4,25021,12489.087,19.514,21561,786,33540.9016239,50608578.147,Town Administrator,Selectmen,5,Open Town Meeting,,false,false,Town,,,,050,2019,3941675,5158837,5532635,1228582,44326274,5261556,984357,2216327,7560193,1230700,0,4661371,82102507
MASHPEE,172,4691,7884,12946,3193,5062,T,4,25001,16384.791,25.601,14006,1060,95479.2583055,66276288.1079,Town Manager,Selectmen,5,Open Town Meeting,,false,false,Town,,,,172,2019,4225096,4640489,4105088,416558,23288304,4327412,733165,956899,11233058,2030265,0,2225568,58181902
LYNNFIELD,164,11191,11274,11542,83,268,T,4,25009,6683.367,10.443,11596,54,27781.8541527,27046149.7591,Town Administrator,Selectmen,3,Open Town Meeting,,false,false,Town,,1971,,164,2019,3332375,3310940,1713990,295832,29068792,4080778,495610,929680,8652308,490910,453899,3386414,56211528
BARNSTABLE,20,35080,40949,47821,5869,6872,TC,3,25001,40077.809,62.622,45193,-2628,233289.285937,162220373.694,Town Manager,,,Council,13,false,true,City,,1989,,020,2019,12229545,14435712,0,2174289,75815213,6321282,1942548,4077854,21596909,4738750,0,9970663,153302765
DOVER,78,4840,4915,5558,75,643,T,1,25021,9867.171,15.417,5589,31,37756.016717,39933244.0344,Town Administrator,Selectmen,3,Open Town Meeting,,false,false,Town,,,,078,2019,1996198,2030066,551469,428702,21227760,2073278,224276,1018540,3692558,116108,0,1428370,34787325
MENDON,179,3296,4010,5286,714,1276,T,3,25027,11511.767,17.987,5839,553,30512.7504504,46571536.1302,Town Administrator,Selectmen,3,Open Town Meeting,,false,false,Town,,,,179,2019,1269480,1534775,822267,314199,10737552,1412851,202491,355360,1597259,6035,0,974633,19226902
HUDSON,141,17369,17233,18113,-136,880,T,4,25017,7592.649,11.863,19063,950,30078.8121422,30726018.3747,Executive Assistant,Selectmen,5,Open Town Meeting,,false,false,Town,,1971,,141,2019,2412037,3534936,3522889,177074,40980672,6851223,596237,1183550,6410171,3438694,0,7266559,76374042
WESTWOOD,335,12976,12557,14117,-419,1560,T,2,25021,7138.707,11.154,14618,501,29591.130327,28956455.6098,Town Administrator,Selectmen,3,Open Town Meeting,,false,false,Town,,1970,,335,2019,4897656,4792311,5227074,411612,45205168,5382304,1097071,1715852,11290543,2204557,328765,6137978,88690891
HOLLAND,135,1583,2185,2407,602,222,T,3,25013,8357.772,13.059,2481,74,24019.1060186,33799100.4272,Town Administrator,Select Board,3,Open Town Meeting,,false,false,Town,,,,135,2019,465270,236731,77965,96732,4130128,884701,118372,101104,853687,109237,0,86786,7160713
CAMBRIDGE,49,92535,95802,101355,3267,5553,C,3,25017,4546.96,7.105,105162,3807,26475.6845563,18400398.6685,Mayor-Manager,,,Council,9,false,false,City,,1941,E,049,2019,35333806,42149936,30219859,17440243,156789224,25095796,20396363,21874810,59993601,57931297,107032,65907326,533239293
WALPOLE,307,19293,20212,22824,919,2612,T,3,25021,13499.349,21.093,24070,1246,38347.5324865,54557341.436,Town Administrator,Selectmen,5,Representative Town Meeting,,false,false,Town,,1973,,307,2019,6191841,5738790,4180753,540635,45640143,5547932,731579,2432059,16904152,1620487,0,4088518,93616889
BERLIN,28,2224,2293,2380,69,87,T,2,25027,8430.568,13.173,2866,486,25882.5916242,34117527.3721,,Selectmen,3,Open Town Meeting,,false,false,Town,,,,028,2019,1087532,1101953,977737,329055,6740490,847423,70619,154962,1606746,65629,71696,235221,13289063
SHARON,266,14197,15517,17408,1320,1891,T,2,25021,15649.885,24.453,17612,204,35644.790447,63147899.6511,Town Administrator,Selectmen,3,Open Town Meeting,,false,false,Town,,,,266,2019,2213328,3640633,3199711,363332,43911343,3934058,647135,1280464,5411248,863325,0,8563949,74028526
LYNN,163,79264,81245,89050,1981,7805,C,3,25009,7390.936,11.548,90329,1279,31039.6810564,29910545.8331,Mayor,,,Council,11,false,false,City,,,A,163,2019,0,0,0,0,0,0,0,0,0,0,0,0,0
NORWOOD,220,28918,28700,28587,-218,-113,T,1,25021,6720.501,10.501,28602,15,24677.7995089,27318843.0388,General Manager,Selectmen,5,Representative Town Meeting,,false,false,Town,,,,220,2019,6264214,8739810,7220279,601888,46515385,26718061,1274379,3048640,20354890,2041577,0,8593282,131372405
EVERETT,93,36511,35701,38037,-810,2336,C,2,25017,2200.438,3.438,41667,3630,16875.3619313,8897381.37035,Mayor,,,Council,11,false,false,City,,,,093,2019,7678284,15316112,10782701,6178191,80580106,11797291,3338515,1606476,20120506,15170707,0,14305800,186874689
WALES,306,1326,1566,1737,240,171,T,2,25013,10223.12,15.974,1838,101,26434.264054,41395102.2166,,Select Board,3,Open Town Meeting,,false,false,Town,,,,306,2019,375677,80451,139719,74419,2487174,308064,85835,60804,792497,134383,0,35802,4574825
HOPEDALE,138,3955,5666,5907,1711,241,T,2,25027,3418.996,5.342,5911,4,20154.1733302,13852114.578,Town Administrator,Selectmen,3,Open Town Meeting,,false,false,Town,,,,138,2019,902767,1460183,887498,468071,12359874,852057,677145,343924,4180738,407440,1651,1082334,23623682
TOPSFIELD,298,5700,5754,6141,54,387,T,1,25009,8195.115,12.805,6085,-56,31884.136265,33152919.4485,Town Administrator,Selectmen,5,Open Town Meeting,,false,false,Town,,,,298,2019,1684631,1649859,839460,192925,15860940,1772894,246044,604708,3546553,296652,0,1094562,27789228
SOMERVILLE,274,75836,76210,77478,374,1268,C,4,25017,2643.574,4.13,75754,-1724,19884.2194551,10698648.839,Mayor,,,Aldermen,11,false,false,City,,,A,274,2019,27890480,17857724,20313132,7983391,72288788,17256763,4613136,5183887,42880294,12993749,1987891,13317613,244566848
PEMBROKE,231,13882,14544,16927,662,2383,T,4,25023,15071.89,23.55,17837,910,42341.7242632,61005468.9817,Town Administrator,Selectmen,5,Open Town Meeting,,false,false,Town,,,,231,2019,1993300,3949603,3395371,431878,33353763,1890517,421482,903127,12553316,1536131,111000,2936831,63476319
DUXBURY,82,13174,13895,14248,721,353,T,1,25023,15404.764,24.071,15059,811,99884.1666517,62329111.1117,Town Manager,Selectmen,3,Open Town Meeting,,false,false,Town,,,,082,2019,4556597,3806004,3337237,2436908,35809182,3791468,742145,2717821,5002818,502414,0,8375286,71077880
BOXFORD,38,5751,6266,7921,515,1655,T,3,25009,15618.814,24.404,7965,44,44884.8841003,63216183.9822,Town Administrator,Selectmen,5,Open Town Meeting,,false,false,Town,,,,038,2019,1961230,1297432,696115,715007,23127193,2273263,336137,469935,2397903,178189,0,916667,34369071
BOSTON,35,570719,574283,588957,3564,14674,C,1,25025,32104.34973,50.15997,617594,28637,205312.529714,129519997.542,Mayor,,,Council,13,false,false,City,,,A,035,2019,162381368,414006559,263905720,60967071,1001804124,107864489,130608365,70021514,315765895,279485184,0,182470769,2989281058