DOR Code,Municipality,Fiscal Year,General Government,Police,Fire,Other Public Safety,Education,Public Works,Human Services,Culture and Recreation,Fixed Costs,Intergovernmental Assessments,Other Expenditures,Debt Service,Total Expenditures
001,ABINGTON,2019,1939565,3191481,2420298,179597,24807451,2607331,496623,638511,9309436,860443,3164,4686768,51140668
002,ACTON,2019,7614843,5212556,3369303,289593,61285774,2941918,2095290,1423801,7270250,312130,0,2256359,94071817
003,ACUSHNET,2019,1663624,2283230,461702,852091,16217139,1946695,537317,349051,3024014,233401,156266,521415,28245945
004,ADAMS,2019,1783155,1570697,13326,200718,6558649,1933169,403358,580689,2095909,42001,5289,1150280,16337240
005,AGAWAM,2019,7872090,5727305,4171339,298855,45113563,6231042,1456615,1330876,17622768,1184037,1596,2440648,93450734
006,ALFORD,2019,189837,38372,31778,17411,433904,554534,6507,7366,133081,384,0,92543,1505717
007,AMESBURY,2019,2330965,4227700,3533802,302262,32983961,3470569,1123881,843704,6172124,2875498,8855,5320338,63193659
008,AMHERST,2019,4187653,5061464,4668604,1387821,39552600,1923807,685174,3467782,9487397,3314503,0,1869898,75606703
009,ANDOVER,2019,10927210,7608960,8071413,1055221,83220970,6796666,871823,5348990,12240217,844795,489108,14314814,151790187
010,ARLINGTON,2019,6136498,8191760,7565639,503117,65792139,9077803,1218442,3894551,28816899,3272899,33028,16582686,151085461
011,ASHBURNHAM,2019,1477932,1428188,1053263,282180,8113224,1403606,113492,255367,1347859,0,123125,1823959,17422195
012,ASHBY,2019,644146,1015910,262077,411266,4034986,641737,53995,117008,812068,26045,0,0,8019238
013,ASHFIELD,2019,435965,133232,64513,108172,2561349,689731,64782,119486,158853,57756,0,73607,4467446
014,ASHLAND,2019,3814570,3498980,2376702,200386,32200985,1766007,567760,473767,9282469,621927,0,3036165,57839718
015,ATHOL,2019,0,0,0,0,0,0,0,0,0,0,0,0,0
016,ATTLEBORO,2019,5058847,8286379,9173893,616743,65557094,3099233,4482213,3116112,7819966,5492424,0,3144985,115847889
017,AUBURN,2019,3508138,4675080,3352981,263189,27296281,4332227,823276,897276,4401512,684949,541272,6330343,57106524
018,AVON,2019,1864272,2434208,1429270,470108,9324692,2221989,319042,491815,4554958,337906,0,1721235,25169495
019,AYER,2019,2333562,2507363,1711041,177989,12351435,1408552,351303,759302,3264012,97094,0,1112422,26074075
020,BARNSTABLE,2019,12229545,14435712,0,2174289,75815213,6321282,1942548,4077854,21596909,4738750,0,9970663,153302765
021,BARRE,2019,889577,846549,267743,731909,5856537,791425,128293,336474,856774,21493,0,595393,11322167
022,BECKET,2019,825288,414510,28486,184807,2431589,956542,93987,82101,733770,10976,0,222973,5985029
023,BEDFORD,2019,6281704,3989494,2533385,507926,41781479,9068595,1258421,1547381,11569296,4005422,0,8049294,90592397
024,BELCHERTOWN,2019,2944553,2236974,1721535,270149,26590910,1964294,815939,798323,8562474,1464348,72415,2421449,49863363
025,BELLINGHAM,2019,2884635,3479663,3041879,462147,29216271,2272480,497828,936845,3549691,1861924,0,5503423,53706786
026,BELMONT,2019,8923717,7006411,5623612,550924,50138431,6324537,828031,3254686,8547462,1836276,19900,4655051,97709038
027,BERKLEY,2019,620873,1205664,209842,837627,12804563,1104225,62465,144123,1095686,219603,149827,1466800,19921298
028,BERLIN,2019,1087532,1101953,977737,329055,6740490,847423,70619,154962,1606746,65629,71696,235221,13289063
029,BERNARDSTON,2019,364084,292300,102153,21398,3409632,738859,101330,82611,232855,57755,12719,0,5415696
030,BEVERLY,2019,5872776,7802103,6502166,1009449,59969424,4801678,1642925,3446661,11480929,1657290,0,10847899,115033300
031,BILLERICA,2019,6040532,8596917,8491322,2380763,75128613,8000981,1124016,2872556,16319926,5001747,0,7878081,141835454
032,BLACKSTONE,2019,1961448,1794838,1129809,462260,10458678,2203884,427536,672194,1491092,43844,16112,1140641,21802336
033,BLANDFORD,2019,626424,28607,50561,55693,1660146,575504,32640,68900,201846,4549,0,99040,3403910
034,BOLTON,2019,1172977,1296811,402698,727653,15286512,1681366,174353,465785,1065983,9739,0,5227083,27510960
035,BOSTON,2019,162381368,414006559,263905720,60967071,1001804124,107864489,130608365,70021514,315765895,279485184,0,182470769,2989281058
036,BOURNE,2019,3560609,4244313,4609667,1582468,25771801,2440382,979578,887189,6344332,4613980,1062265,5966655,62063239
037,BOXBOROUGH,2019,1013204,1671209,919651,101999,11594433,1016735,144169,393459,1830425,72420,0,1135061,19892765
038,BOXFORD,2019,1961230,1297432,696115,715007,23127193,2273263,336137,469935,2397903,178189,0,916667,34369071
039,BOYLSTON,2019,918524,1404029,596961,227963,9442575,994881,126524,268455,1845597,76937,0,405125,16307571
040,BRAINTREE,2019,8211355,11191945,9263292,777806,70246599,8263446,899190,2480344,10635493,4113515,56640,4636474,130776099
041,BREWSTER,2019,2360122,2820663,2049418,900000,19200005,2146083,758994,866053,6002069,627701,377766,2118148,40227022
042,BRIDGEWATER,2019,3007358,5192714,5672371,472089,31005556,1893394,439133,629339,6476668,405755,134952,974235,56303564
043,BRIMFIELD,2019,442905,247017,184607,256012,6117742,823753,204708,125483,712408,102644,0,126505,9343784
044,BROCKTON,2019,14254591,25956215,25438258,1023487,182971579,8483162,1953369,2526317,30908948,18426736,2753,12557517,324502932
045,BROOKFIELD,2019,0,0,0,0,0,0,0,0,0,0,0,0,0
046,BROOKLINE,2019,12444751,16738310,15771245,2074485,116389275,13321964,2318926,7353301,59972119,6656579,0,15631274,268672229
047,BUCKLAND,2019,492390,199029,0,21494,2571082,687966,121901,94027,312627,27559,0,91134,4619209
048,BURLINGTON,2019,4693465,8998106,7097072,784848,64630466,12825564,1574297,3638087,14462580,765795,508303,5303197,125281780
049,CAMBRIDGE,2019,35333806,42149936,30219859,17440243,156789224,25095796,20396363,21874810,59993601,57931297,107032,65907326,533239293
050,CANTON,2019,3941675,5158837,5532635,1228582,44326274,5261556,984357,2216327,7560193,1230700,0,4661371,82102507
051,CARLISLE,2019,1669472,1839432,786074,544318,18854335,1253046,328454,797801,2303898,90792,0,1411202,29878824
052,CARVER,2019,2119879,2285414,1101529,823946,24801448,1431060,486033,436473,2728658,1103782,120739,2321591,39760552
053,CHARLEMONT,2019,359711,91914,100550,76923,1869833,571719,30268,29408,252329,31349,11449,86388,3511841
054,CHARLTON,2019,2633282,2359230,1838120,231821,15777596,1506132,357092,508562,2833272,68860,100087,897754,29111808
055,CHATHAM,2019,4760405,2882584,3591565,2039725,9355020,4534028,1489747,1847835,5239456,772652,164516,6697531,43375064
056,CHELMSFORD,2019,5283792,6550698,5966505,432094,61907730,7066091,1041537,2157556,22395431,2136415,0,14186968,129124817
057,CHELSEA,2019,5191510,12165647,10185138,3037575,92153553,8228601,1337198,709325,16899018,16279647,0,4157494,170344706
058,CHESHIRE,2019,545798,126589,40891,63613,3148781,997899,57450,29949,315705,29393,25495,253336,5634899
059,CHESTER,2019,271826,61936,42036,38890,1672623,550231,63261,41517,214195,0,0,80843,3037358
060,CHESTERFIELD,2019,562069,69850,39204,97000,1966295,607517,58560,30029,199711,8675,0,156491,3795401
061,CHICOPEE,2019,11244483,12009995,12389308,571343,84391570,7917430,1888237,5057708,29666679,7534952,1202005,5873260,179746970
062,CHILMARK,2019,1440849,688584,215271,1167588,3667596,364209,415658,645295,1233290,401226,0,486318,10725884
063,CLARKSBURG,2019,295069,85086,16714,15510,2708339,403654,59105,66476,449062,210485,0,107991,4417491
064,CLINTON,2019,1735377,3262059,2025117,206036,23050031,1946720,612630,782068,7583047,1502656,0,2401675,45107416
065,COHASSET,2019,3461746,2696614,2505884,306112,19657381,3325697,540671,751559,8555408,527772,0,2664092,44992936
066,COLRAIN,2019,382791,151803,106177,14836,2302768,716288,22712,71438,277248,0,65480,37725,4149266
067,CONCORD,2019,7201954,4840159,4840825,514328,61988719,4436813,1102716,2469894,9678142,517486,834941,6808777,105234754
068,CONWAY,2019,489715,168496,60183,51210,3495454,620751,168196,6065,637994,147435,0,33588,5879087
069,CUMMINGTON,2019,176352,31845,30515,83913,980211,540683,103764,10763,153469,2086,0,109927,2223528
070,DALTON,2019,1045960,1078023,0,210197,8775263,1801805,307972,280064,1336320,33654,0,341767,15211025
071,DANVERS,2019,9800605,6369317,5869836,500653,43380262,7094009,536803,2374475,19109076,1204960,17245,5985396,102242637
072,DARTMOUTH,2019,4689441,7398546,0,562263,50227359,3723319,1166050,1758552,12202525,1292384,0,4927747,87948186
073,DEDHAM,2019,10864071,6376064,6014897,1145716,40266209,6744905,629709,2870230,16224331,2890687,822715,11471816,106321350
074,DEERFIELD,2019,1044383,966918,0,96459,8928878,1286921,83202,249038,1511513,391634,0,1170396,15729342
075,DENNIS,2019,5646559,5888042,5922768,1306747,18181102,5218856,967522,3487380,6499583,899642,267791,2101651,56387643
076,DIGHTON,2019,1527726,1461648,743386,1230677,11520636,1669484,376039,346479,1829566,167863,7399,425287,21306190
077,DOUGLAS,2019,1622997,1727655,484571,779108,16486040,1106518,205610,337668,4093147,14435,230301,2964824,30052874
078,DOVER,2019,1996198,2030066,551469,428702,21227760,2073278,224276,1018540,3692558,116108,0,1428370,34787325
079,DRACUT,2019,3426688,4464519,3807336,352543,37425891,5245261,677642,968014,15064508,3788612,121158,4827789,80169961
080,DUDLEY,2019,1192082,1758771,1107671,89645,10238627,1029000,205085,300105,1695405,25807,70834,1245717,18958749
081,DUNSTABLE,2019,592971,1159548,240367,81580,6633513,748028,64747,240827,566935,3293,0,189422,10521231
082,DUXBURY,2019,4556597,3806004,3337237,2436908,35809182,3791468,742145,2717821,5002818,502414,0,8375286,71077880
083,EAST BRIDGEWATER,2019,3463727,2678890,2509578,526749,22863542,1568424,617761,499715,7122251,616382,0,4001694,46468713
084,EAST BROOKFIELD,2019,369927,459284,245884,253559,2438715,654961,57052,113331,524535,68887,0,128800,5314935
085,EAST LONGMEADOW,2019,4241685,2891403,1597108,364905,30713040,3131585,739059,999564,9922874,402847,0,2628058,57632128
086,EASTHAM,2019,3051768,2207379,2575686,226138,8838680,1789979,808171,867693,4481067,655628,85654,3546942,29134785
087,EASTHAMPTON,2019,1785540,3139836,2156078,459952,17222745,1954974,597201,557161,8696613,2566017,6913,2371715,41514745
088,EASTON,2019,2350063,4419970,3815804,1742357,42460464,3305999,829184,596188,13207548,1181131,163603,4034499,78106810
089,EDGARTOWN,2019,2237366,3498671,636886,2421160,13028828,3093823,687944,1497863,6063317,2697221,0,1901476,37764555
090,EGREMONT,2019,574043,431724,152163,64638,1739969,1165118,95486,66977,505777,1146,15532,93570,4906143
091,ERVING,2019,611736,441788,277418,80856,4881941,928612,175338,155849,1633851,456008,0,0,9643397
092,ESSEX,2019,1252014,1215845,286966,230261,8843871,1028927,332143,163638,1103146,72321,0,98294,14627426
093,EVERETT,2019,7678284,15316112,10782701,6178191,80580106,11797291,3338515,1606476,20120506,15170707,0,14305800,186874689
094,FAIRHAVEN,2019,3228225,3987954,2681429,541048,22354315,3678193,1038522,1284475,4417708,490757,0,1173342,44875968
095,FALL RIVER,2019,6529413,22402337,14935725,1138471,111817786,14808823,2752433,2803055,29550400,24502933,0,9058126,240299502
096,FALMOUTH,2019,6724259,6955108,7667883,2708137,50897913,14697956,1554409,4590744,23129393,3632780,894297,16142449,139595328
097,FITCHBURG,2019,6146946,8235153,7505589,587194,63281391,7788070,2001688,1352070,15638920,933661,121985,5284384,118877051
098,FLORIDA,2019,266053,1500,50646,1800,1913132,671933,43075,32522,613132,0,26680,39175,3659648
099,FOXBOROUGH,2019,3715283,4456919,4068735,1199551,37393066,3039936,1046446,1182416,12756382,2398866,772082,3007547,75037229
100,FRAMINGHAM,2019,11709501,14034608,14532175,1248174,141637054,13910310,2078474,6674439,50571662,7860257,128982,14195484,278581120
101,FRANKLIN,2019,11597042,5731620,6582788,874715,65976376,5750959,605168,1433548,10968899,4977732,0,6706142,121204989
102,FREETOWN,2019,1590336,2305662,1400878,176510,12822277,1677087,398340,164944,2680498,271784,93456,695750,24277522
103,GARDNER,2019,2498459,3479972,2586277,2004542,24626700,3379818,1167410,890370,5468056,2386075,431358,1336552,50255589
104,AQUINNAH,2019,864717,610405,103844,517146,1682295,358195,143699,289099,561564,57268,76767,84751,5349750
105,GEORGETOWN,2019,1822732,1738839,501017,144488,15915271,1071949,315745,421203,5292726,365879,0,2769884,30359733
106,GILL,2019,323121,187727,88616,21305,1816221,523027,26634,29823,222351,36689,0,52986,3328500
107,GLOUCESTER,2019,5360240,6667789,8799116,736049,37669124,10992773,1224895,934586,22517036,2636256,628089,11901330,110067283
108,GOSHEN,2019,304214,82451,66083,67287,1497742,413286,52506,16708,156881,1899,0,83084,2742141
109,GOSNOLD,2019,0,0,0,0,0,0,0,0,0,0,0,0,0
110,GRAFTON,2019,2515106,2232276,740865,222037,34874253,2891110,499812,1125524,7348315,742984,0,4543296,57735578
111,GRANBY,2019,1290275,1091160,550849,353423,9012171,902527,165147,153886,2841473,1051067,0,989274,18401252
112,GRANVILLE,2019,385923,187395,189917,83899,1860670,826666,11056,46809,190619,3784,0,120258,3906996
113,GREAT BARRINGTON,2019,1789308,1547778,471269,197886,16012972,1563556,425600,630975,2168257,78617,10438,1661186,26557842
114,GREENFIELD,2019,4111295,3266882,2246161,906697,19858987,2462475,709506,830043,12216938,4142865,0,4505932,55257781
115,GROTON,2019,2541725,2374803,1181312,593197,22416249,1924607,307209,1480340,3884985,91612,0,1148537,37944576
116,GROVELAND,2019,873309,1381374,255414,84519,10595581,1471682,201898,255810,1113381,0,85000,391763,16709731
117,HADLEY,2019,929289,1141324,627709,688742,7064167,1180518,212881,248793,2746477,1448799,40845,1270680,17600224
118,HALIFAX,2019,1901401,1422469,1498208,275218,12620402,1337886,535090,380252,2597893,171108,154933,348538,23243398
119,HAMILTON,2019,1878187,1668368,769933,480267,18582829,1737534,292386,235013,1891424,1034371,60321,933607,29564240
120,HAMPDEN,2019,780566,1454590,261026,113620,8214773,1278172,225504,245825,883345,20533,18496,660335,14156785
121,HANCOCK,2019,166394,1515,72841,4373,1737561,148454,9056,19541,35315,46298,11215,0,2252563
122,HANOVER,2019,5575752,3358524,3110437,1465863,28892549,3474004,538968,635285,7980260,661553,0,5411442,61104637
123,HANSON,2019,1891385,2325139,2486603,485454,11369455,1393598,220133,479294,3517499,155037,0,495832,24819429
124,HARDWICK,2019,664445,645977,254469,84585,2712927,598779,91297,90103,394922,0,149046,51720,5738270
125,HARVARD,2019,1553234,1192804,514959,117207,15529571,1673637,234594,730379,4362947,329836,500000,1370047,28109215
126,HARWICH,2019,4215662,4371646,4693670,717261,27190626,6442722,1153204,3725618,8869129,701637,0,4710046,66791221
127,HATFIELD,2019,862327,222070,227838,119393,4771684,886603,168260,118332,1266886,0,0,200370,8843763
128,HAVERHILL,2019,4088339,12310404,10761364,413489,93238390,10026254,1958097,2167554,38586376,5948668,0,8955423,188454358
129,HAWLEY,2019,108560,1000,23699,7657,424457,498824,4166,0,76848,6457,0,31200,1182868
130,HEATH,2019,350039,27042,29130,9209,1057467,472732,27075,43299,202474,12235,0,106653,2337355
131,HINGHAM,2019,4714009,6038232,5996141,1625584,53089470,6300216,878779,1942355,13648643,976062,6410,8646544,103862445
132,HINSDALE,2019,594732,300697,93431,32054,2680461,787204,59694,80155,349792,21887,1580,18176,5019863
133,HOLBROOK,2019,1631678,2928933,3330789,507353,16441700,1488741,139699,392120,7894117,1112960,8920,4458913,40335923
134,HOLDEN,2019,2474762,2234672,2123673,591250,28942893,3771407,341142,936023,3338279,140528,0,5446315,50340944
135,HOLLAND,2019,465270,236731,77965,96732,4130128,884701,118372,101104,853687,109237,0,86786,7160713
136,HOLLISTON,2019,2194321,2781661,1294596,626202,35558889,3125677,492366,811004,7809292,464875,1409,5389160,60549452
137,HOLYOKE,2019,3945316,12236114,8826333,691295,65423776,5271093,1712703,1782366,23321899,19487272,1384531,4220394,148303092
138,HOPEDALE,2019,902767,1460183,887498,468071,12359874,852057,677145,343924,4180738,407440,1651,1082334,23623682
139,HOPKINTON,2019,3903327,3087580,2965307,34949,45522629,5634384,754476,525110,10188520,601109,0,9450524,82667915
140,HUBBARDSTON,2019,672981,606349,445457,212822,5156951,790207,73964,85581,530084,11693,0,269304,8855393
141,HUDSON,2019,2412037,3534936,3522889,177074,40980672,6851223,596237,1183550,6410171,3438694,0,7266559,76374042
142,HULL,2019,2211207,3057781,3493065,263863,15747793,1505361,574626,375328,9513277,1402366,303681,2100742,40549090
143,HUNTINGTON,2019,403390,129213,93752,97533,3115610,528879,48212,96784,190684,6779,12000,68745,4791581
144,IPSWICH,2019,2962634,2726527,1850992,860360,29511912,2597736,570811,823158,3529394,281769,142139,4173352,50030784
145,KINGSTON,2019,3109251,3544464,2989217,346946,24098322,3629544,621127,944461,5930522,430950,66589,2464242,48175635
146,LAKEVILLE,2019,1741580,1878575,1357213,414540,16282492,933963,442837,362088,3251167,185819,39088,395533,27284895
147,LANCASTER,2019,1595681,1081171,606399,286976,14393555,736814,127493,400977,1476211,134344,0,1135856,21975477
148,LANESBOROUGH,2019,616871,700063,113951,31518,6104588,1019621,132953,82442,1068624,92885,-63470,734332,10634378
149,LAWRENCE,2019,5990329,13031900,13850002,1154991,183307650,13034761,1094661,1157375,23945799,26676612,683995,11417952,295346027
150,LEE,2019,924730,1091623,237200,909889,8972573,1033642,155649,398393,4156440,709191,0,1143500,19732830
151,LEICESTER,2019,1394968,2151650,409155,617541,17681188,1083943,215145,228222,4523117,617293,0,1314814,30237036
152,LENOX,2019,1353195,1015242,1143640,613106,10284131,1537781,216427,707275,3983439,259191,32438,287000,21432865
153,LEOMINSTER,2019,0,0,0,0,0,0,0,0,0,0,0,0,0
154,LEVERETT,2019,385914,162432,171013,60515,3957650,473655,12760,77151,251865,157650,0,456150,6166755
155,LEXINGTON,2019,17110992,7138936,6685847,1944015,108356601,7872922,1497059,3915094,32876881,923294,109084,24864253,213294978
156,LEYDEN,2019,173574,57916,19505,18853,888495,325378,8829,25267,108112,7947,0,0,1633876
157,LINCOLN,2019,2914733,1765273,1632372,819403,15760563,2076112,231825,1746020,5874484,168327,379580,926000,34294692
158,LITTLETON,2019,3866403,1964426,1680584,747256,20627643,4573061,428686,774512,7260273,1210087,2957,3490744,46626632
159,LONGMEADOW,2019,3861068,2962007,2418061,43691,34459358,2784325,654961,1218865,4245204,331010,481500,4805490,58265540
160,LOWELL,2019,13295723,27603304,18951110,1154395,179084486,11758078,3710026,4009600,52775821,25253169,1388167,9514529,348498408
161,LUDLOW,2019,2886774,3989928,2860319,1527119,30979772,3887764,1019578,821704,14895361,912622,78686,2794837,66654464
162,LUNENBURG,2019,2019966,1671628,1228575,232417,21032042,1877038,274449,494805,3907126,1061074,0,4751711,38550831
163,LYNN,2019,0,0,0,0,0,0,0,0,0,0,0,0,0
164,LYNNFIELD,2019,3332375,3310940,1713990,295832,29068792,4080778,495610,929680,8652308,490910,453899,3386414,56211528
165,MALDEN,2019,7940551,10839286,10486148,1098490,73608768,8258930,1320880,2210341,12912607,14673063,0,12428055,155777119
166,MANCHESTER-BY-THE-SEA,2019,1520772,1818927,1348470,127169,15774922,3446841,310886,897197,2792080,166752,0,1431338,29635354
167,MANSFIELD,2019,4613702,4851204,4823171,1509244,52225962,5211426,642656,984680,16696707,2066811,0,3167524,96793087
168,MARBLEHEAD,2019,2399378,4265038,3888886,529340,39860882,5084798,666454,2059878,14633420,2995396,0,6734427,83117897
169,MARION,2019,2369693,1980892,1128764,489419,11050790,1916198,390987,334081,2750839,110251,0,599158,23121072
170,MARLBOROUGH,2019,9812437,8193556,10235509,713516,69771878,11237027,945503,1294798,9573825,9097674,0,6745838,137621561
171,MARSHFIELD,2019,3653953,5754129,5119237,584213,48528878,3522023,980928,805223,14333907,884449,543959,10041047,94751946
172,MASHPEE,2019,4225096,4640489,4105088,416558,23288304,4327412,733165,956899,11233058,2030265,0,2225568,58181902
173,MATTAPOISETT,2019,1831911,2365329,659849,727922,13441309,1650566,534451,551818,3815267,123559,423171,1050529,27175681
174,MAYNARD,2019,2628306,2536882,2241522,270796,20281631,2371234,207065,570642,8278020,1170299,0,3537513,44093910
175,MEDFIELD,2019,2507603,2892173,1244471,333446,35107259,3183513,503588,1186756,7698410,848608,0,6459870,61965697
176,MEDFORD,2019,4584312,13791821,13498506,1301949,58680558,12870245,1293611,2721043,32798178,10286228,0,6722970,158549421
177,MEDWAY,2019,2851576,2944683,1155818,287662,27695839,2346366,422410,952003,8576012,812334,3438939,2925742,54409384
178,MELROSE,2019,3718827,4978150,4560380,343880,32463997,9072056,1470738,1621639,18331091,3631893,989830,5696883,86879364
179,MENDON,2019,1269480,1534775,822267,314199,10737552,1412851,202491,355360,1597259,6035,0,974633,19226902
180,MERRIMAC,2019,820261,1209538,417230,473522,9192063,1257948,456892,302768,963496,97339,10000,497227,15698284
181,METHUEN,2019,4199620,12501552,9841111,1087118,80909649,10062995,1049754,1516480,14609267,2797857,0,4130396,142705799
182,MIDDLEBOROUGH,2019,4251051,4864656,3249819,515961,36775316,1870415,1715422,1035385,16618579,1280262,0,7058909,79235775
183,MIDDLEFIELD,2019,0,0,0,0,0,0,0,0,0,0,0,0,0
184,MIDDLETON,2019,1773595,1871905,2183501,272060,22611242,1742561,450229,590919,2447643,434387,0,1280835,35658877
185,MILFORD,2019,4867353,6779557,4246479,1230678,51091648,6079076,886073,2124466,17166383,1789802,0,5134286,101395801
186,MILLBURY,2019,1758005,2351070,741111,208158,22930651,2994939,551979,608214,7151445,621900,304695,1847106,42069273
187,MILLIS,2019,2078741,2083268,1635242,584232,16155519,1105883,273797,431366,5081232,371216,1566,2160965,31963027
188,MILLVILLE,2019,659531,507802,227644,162760,3777935,427888,54390,17528,261114,0,2500,45640,6144732
189,MILTON,2019,4462729,7274406,5657134,614154,50551792,5045146,573038,2003642,8503732,3876553,0,3969189,92531515
190,MONROE,2019,255364,1450,10471,0,281312,314574,4229,1145,185214,0,0,57234,1110993
191,MONSON,2019,1367588,1301888,407698,892363,13063421,1525551,246495,533931,4375957,751780,123236,1448933,26038841
192,MONTAGUE,2019,1445287,1903421,0,170092,10838598,1781921,277468,687083,2158874,198697,0,625348,20086789
193,MONTEREY,2019,349264,220998,178801,78336,1590899,1332954,35419,121024,349759,0,0,236602,4494056
194,MONTGOMERY,2019,162825,1333,34973,29945,1088359,277729,1419,20359,131192,0,1000,0,1749134
195,MOUNT WASHINGTON,2019,104923,1268,13033,16000,29089,435046,953,854,112255,5115,0,0,718536
196,NAHANT,2019,1354327,1639066,1014378,109256,3771071,464747,132633,238038,1983803,128930,0,547298,11383547
197,NANTUCKET,2019,8470540,6386863,2772179,2728563,29055253,3594000,655277,1125307,5993426,734866,0,7028654,68544928
198,NATICK,2019,12100299,8052329,9398580,174946,67522977,7273669,1884459,3033627,25053777,1507563,0,9386226,145388452
199,NEEDHAM,2019,8315446,6630729,8053946,2386779,78619687,5486429,1747253,2485696,29149912,1389486,556798,9996903,154819064
200,NEW ASHFORD,2019,66031,0,22332,2000,504353,91211,20607,0,0,0,6622,0,713156
201,NEW BEDFORD,2019,22307936,25552623,18610601,4247830,142617314,11054372,4870590,4838366,29078535,19063095,0,11825635,294066897
202,NEW BRAINTREE,2019,0,0,0,0,0,0,0,0,0,0,0,0,0
203,NEW MARLBOROUGH,2019,337386,174531,100847,124022,2821703,1296595,41970,111179,402572,1878,7500,162110,5582293
204,NEW SALEM,2019,213804,138641,101833,58595,1767583,393182,19008,63545,158011,8149,0,79735,3002086
205,NEWBURY,2019,2211865,1365905,1236034,412293,9809539,1901492,266867,269929,1563561,137588,0,1088181,20263254
206,NEWBURYPORT,2019,3005375,3856304,3873723,824494,30876472,4595275,1280102,1625937,13661993,2925052,0,6560589,73085316
207,NEWTON,2019,17751036,20207320,21418857,1412374,190754815,29870802,4282989,11601293,34969516,6351888,0,24033615,362654505
208,NORFOLK,2019,2816137,2706316,1886899,874756,21978944,2300513,255829,734949,5157783,473958,0,2739378,41925462
209,NORTH ADAMS,2019,0,0,0,0,0,0,0,0,0,0,0,0,0
210,NORTH ANDOVER,2019,4568242,5105693,5041999,351341,49857184,5517037,1198761,1077111,15783342,606945,852765,5325697,95286117
211,NORTH ATTLEBOROUGH,2019,3292898,5295339,3941096,1837536,44578017,2102645,862827,1204550,14645914,4696708,706283,3943944,87107757
212,NORTH BROOKFIELD,2019,545404,614705,140354,175065,6447961,930771,131542,120613,2303548,622557,0,953183,12985703
213,NORTH READING,2019,3111662,3782937,3231135,397964,31384276,4139579,657192,626997,10546057,233958,0,7829474,65941231
214,NORTHAMPTON,2019,6232043,5901766,6280900,1279420,38941994,4053338,1261528,1989169,18449587,3701278,0,5917496,94008519
215,NORTHBOROUGH,2019,2744773,2626580,2012442,241852,37040885,2294548,657565,1264144,8014844,244460,0,2796193,59938286
216,NORTHBRIDGE,2019,1517608,2731460,857811,1203257,27052988,1936398,370129,265527,7611104,184136,0,669421,44399839
217,NORTHFIELD,2019,0,0,0,0,0,0,0,0,0,0,0,0,0
218,NORTON,2019,2423100,3757946,4051238,1160317,30129563,1173731,543422,443782,11288956,1899668,0,2172519,59044242
219,NORWELL,2019,2347875,3002200,2349856,815629,27708210,4450287,490800,717610,9148232,1226422,0,3132038,55389159
220,NORWOOD,2019,6264214,8739810,7220279,601888,46515385,26718061,1274379,3048640,20354890,2041577,0,8593282,131372405
221,OAK BLUFFS,2019,3203557,2416131,360361,1427650,13074932,1702620,496502,703470,4259135,1141024,45656,2540920,31371958
222,OAKHAM,2019,0,0,0,0,0,0,0,0,0,0,0,0,0
223,ORANGE,2019,795701,1153141,1153800,134769,11369978,1514145,220514,344700,3303956,581400,1476,450384,21023964
224,ORLEANS,2019,2453294,2617137,3115311,860954,9943272,1653132,1143274,2304915,4768037,638171,0,6942241,36439738
225,OTIS,2019,781309,121580,130860,292670,2428350,1252761,80802,139090,477261,28252,14937,794173,6542045
226,OXFORD,2019,2729819,2382879,0,1667012,18935086,3606817,251790,794549,6668104,1152701,0,1298310,39487067
227,PALMER,2019,1683550,2400170,0,188058,18276138,1368074,636165,1091719,6360778,1035861,489964,3062236,36592713
228,PAXTON,2019,735039,1120627,316287,715621,6579197,1144597,99508,201802,1119839,49438,46630,1123814,13252399
229,PEABODY,2019,5319740,11077938,10325211,212678,70228910,25207715,2976576,4028655,35428078,1946642,253815,8245931,175251889
230,PELHAM,2019,295956,162249,78939,48033,2766536,406262,43591,52024,414396,55569,0,80115,4403670
231,PEMBROKE,2019,1993300,3949603,3395371,431878,33353763,1890517,421482,903127,12553316,1536131,111000,2936831,63476319
232,PEPPERELL,2019,1695494,1828584,340477,1002508,17608586,1371430,365934,536484,2172027,33979,67270,119476,27142249
233,PERU,2019,0,0,0,0,0,0,0,0,0,0,0,0,0
234,PETERSHAM,2019,288557,235350,81727,20801,2320349,409279,44935,52011,380875,72036,2678,152555,4061153
235,PHILLIPSTON,2019,552290,335700,357928,107189,1883581,400406,73542,24017,212725,0,13672,87616,4048666
236,PITTSFIELD,2019,4847905,10288679,7060305,363861,62054582,8972664,1734699,1683496,40983208,6194181,375733,11661554,156220867
237,PLAINFIELD,2019,243611,60799,108470,55251,826884,698477,1260,27291,181123,0,6102,76233,2285501
238,PLAINVILLE,2019,1535689,2398456,2595881,1245076,16964951,2327344,457858,301794,4699054,1057468,0,3334915,36918486
239,PLYMOUTH,2019,9637079,11412177,12761993,1413313,97506638,10717718,1615815,3021132,21344848,9512059,19138,16814741,195776651
240,PLYMPTON,2019,940311,1071185,0,876952,5934562,657539,127619,159831,1023968,0,0,149293,10941260
241,PRINCETON,2019,686278,818840,396487,132508,5196998,1104808,93465,219872,732131,24607,0,398191,9804185
242,PROVINCETOWN,2019,2505049,2700068,1793555,2833887,4390393,5083876,398568,718336,6855198,835060,13797,1774498,29902285
243,QUINCY,2019,17803172,30693076,24657672,5325619,104017693,18441952,3217431,6971268,79420708,3932620,9307,19022709,313513227
244,RANDOLPH,2019,3480263,7583358,6621491,459596,46256238,4640818,768065,1078948,17734077,8126324,0,3833666,100582844
245,RAYNHAM,2019,1738151,4878262,3218011,957836,21171494,2242551,393940,662704,4174471,403115,4100,192937,40037572
246,READING,2019,6016699,6041337,5238394,186104,47701011,5481588,606862,2481219,17401913,759218,26182,4478865,96419392
247,REHOBOTH,2019,2099602,3218390,1548339,361286,18527040,832542,406265,237158,2067701,384930,0,93436,29776689
248,REVERE,2019,6518360,10117053,10015165,3014559,85152050,5310143,1762263,1032819,34941771,12231375,0,5967943,176063501
249,RICHMOND,2019,579097,5001,135588,77397,3242541,888015,80144,71295,388568,104736,37275,146400,5756057
250,ROCHESTER,2019,1310292,1295577,278426,881357,12561559,1135069,390925,239373,2127899,107965,23849,1243353,21595644
251,ROCKLAND,2019,3249514,3844186,4056916,694335,27176512,3291796,658551,1080416,11964354,3155979,50336,4401118,63624013
252,ROCKPORT,2019,2316023,1856474,260399,603587,12104212,2400961,153406,649016,6832812,786357,264952,1695531,29923730
253,ROWE,2019,312429,57180,62543,6095,1513649,764718,86233,176053,789138,140421,0,643920,4552379
254,ROWLEY,2019,1189269,1601191,519314,209169,10799903,624539,310649,329628,1284967,108275,0,1166263,18143167
255,ROYALSTON,2019,274599,115030,80628,43180,676807,802334,84887,65207,178510,12841,0,168044,2502067
256,RUSSELL,2019,349861,65985,111276,76049,2614631,321133,35509,61064,298030,8261,286,31304,3973389
257,RUTLAND,2019,1160209,1050078,240114,1514966,12527764,1365674,96626,251387,1530415,31906,0,2387815,22156954
258,SALEM,2019,7569444,10537068,9137173,1594379,59379055,5425404,1324119,2719275,26608621,8599120,3238570,6869246,143001474
259,SALISBURY,2019,1834460,3110911,1878553,284556,12813355,1582238,483213,443749,3073748,146264,0,1379012,27030059
260,SANDISFIELD,2019,514790,65602,127757,24547,1444802,1066633,62739,24010,237315,0,0,0,3568195
261,SANDWICH,2019,4721103,4698535,5022303,341465,35844730,2306856,777358,1651180,16252730,4752331,593173,3063001,80024765
262,SAUGUS,2019,2910956,6872785,5192572,1174472,33194557,5927149,683668,1114346,22693140,3876818,15635,6013849,89669947
263,SAVOY,2019,0,0,0,0,0,0,0,0,0,0,0,0,0
264,SCITUATE,2019,4296113,3987143,5262541,826304,38739010,3827559,1453842,1247255,12081323,746604,0,7206793,79674487
265,SEEKONK,2019,2700730,3951861,2509163,2121522,27820480,1437497,481861,1028208,9997712,605837,0,1261835,53916706
266,SHARON,2019,2213328,3640633,3199711,363332,43911343,3934058,647135,1280464,5411248,863325,0,8563949,74028526
267,SHEFFIELD,2019,950022,481187,128050,65654,7061723,579981,205650,175165,700934,40255,0,0,10388621
268,SHELBURNE,2019,415762,350268,56,21442,2434969,507737,93141,151475,304062,52378,0,4331,4335621
269,SHERBORN,2019,2210678,1871625,385105,83597,16637247,1950429,261029,505605,2949009,72328,0,1639922,28566574
270,SHIRLEY,2019,1106939,1038811,287340,167560,8366369,494930,167251,263222,1554576,60394,3650,400286,13911328
271,SHREWSBURY,2019,6796570,5236228,4088734,446073,64135935,7908610,656857,2129270,18384675,1044566,1305191,8987001,121119710
272,SHUTESBURY,2019,483353,150763,128656,38615,3905558,439024,40599,74428,775088,171262,1628,147165,6356139
273,SOMERSET,2019,1902330,2970792,2012695,711552,30229853,2366629,560434,649299,12017993,672459,0,434125,54528161
274,SOMERVILLE,2019,27890480,17857724,20313132,7983391,72288788,17256763,4613136,5183887,42880294,12993749,1987891,13317613,244566848
275,SOUTH HADLEY,2019,2208557,2818641,0,257919,21294912,1287646,862247,1348787,8014624,2364341,0,3175572,43633246
276,SOUTHAMPTON,2019,643461,911000,375865,539178,11063933,853780,117924,165377,2111683,11287,18873,242036,17054397
277,SOUTHBOROUGH,2019,3039971,2093397,2427767,191094,29029391,3297113,669529,650369,7544427,135569,267230,3355745,52701602
278,SOUTHBRIDGE,2019,2754263,3809120,2339506,134641,27696570,2198029,866233,542592,8061150,2538369,17800,2484319,53442592
279,SOUTHWICK,2019,1713297,1999027,360646,1171551,11076993,2323852,312654,580704,2265077,70865,236100,622939,22733705
280,SPENCER,2019,1019642,2126237,825460,253952,10122816,1904582,353865,464995,2042466,133711,0,632111,19879837
281,SPRINGFIELD,2019,26127830,52107554,22339682,3930798,366224323,10641806,3684817,14712276,128108490,3682771,0,33899692,665460039
282,STERLING,2019,1909619,1893427,846050,577994,12178180,1729445,333240,551743,2279857,0,0,1797239,24096794
283,STOCKBRIDGE,2019,1405942,750513,200564,392297,2900023,1367583,192986,274279,1000406,77680,1513,1527880,10091666
284,STONEHAM,2019,2728209,4223967,3380322,789081,30354467,2671179,597535,1472984,15735022,1814909,195387,4488541,68451603
285,STOUGHTON,2019,3918297,7308666,5742790,413741,47455138,4522622,1457491,1677138,7478054,4415011,0,8469972,92858920
286,STOW,2019,1899646,1524159,648267,277775,18778216,1280437,438039,369261,2068677,105753,17371,2466889,29874490
287,STURBRIDGE,2019,1749655,2663969,1768798,456111,18312035,2058614,553312,561726,3324252,418392,519332,1557003,33943199
288,SUDBURY,2019,3455367,3954293,4287567,258687,63878833,5114006,746972,1685363,10450431,209519,191185,3031825,97264048
289,SUNDERLAND,2019,749714,475779,93545,245305,4819336,453602,65854,147636,790736,272166,0,275347,8389020
290,SUTTON,2019,1706857,2239780,553634,282936,17662343,1134325,328626,281417,4596706,80367,248349,3929059,33044399
291,SWAMPSCOTT,2019,3391766,4171538,3597261,236507,29446235,1439155,1631529,760649,11059558,874031,77410,3307292,59992931
292,SWANSEA,2019,1722490,4008089,825196,225542,23122093,1521060,980796,494550,8750799,751800,0,1032132,43434547
293,TAUNTON,2019,7821785,18037176,13532661,1311225,88139492,10659290,2535505,3266899,48789354,3097921,57430,5487898,202736636
294,TEMPLETON,2019,1351718,1340552,861340,172724,7432412,1031719,105409,235104,2103707,0,6352,1510231,16151268
295,TEWKSBURY,2019,3001868,7741384,5701415,361441,53845048,7591577,1036916,1850780,8959553,1701352,0,9477215,101268549
296,TISBURY,2019,3510066,1818253,879464,1240601,11385087,1743896,473369,570709,4557805,1674145,28890,1369845,29252130
297,TOLLAND,2019,281786,54482,44036,2174,535189,518659,12730,20387,160034,0,5625,135682,1770784
298,TOPSFIELD,2019,1684631,1649859,839460,192925,15860940,1772894,246044,604708,3546553,296652,0,1094562,27789228
299,TOWNSEND,2019,1635054,1640481,1238005,432997,12837223,1898704,277872,386081,1897268,0,169,497432,22741286
300,TRURO,2019,2763726,1909384,842653,548447,5698811,1482658,601528,1095198,2627964,719870,155292,633745,19079276
301,TYNGSBOROUGH,2019,2148315,3480850,865435,235709,21890689,2303389,521084,494059,6631445,1543069,0,1193977,41308021
302,TYRINGHAM,2019,283078,74946,33516,19824,257165,569617,2406,10458,189707,69877,254,22200,1533048
303,UPTON,2019,2100184,1778887,1072799,238338,12902017,1668888,351243,309210,1473219,58803,2880,463723,22420191
304,UXBRIDGE,2019,1945724,2326688,1571938,197093,24303402,2098876,618873,451786,7797758,0,1778,4518200,45832116
305,WAKEFIELD,2019,2860405,5938708,5488232,526151,41421297,10838446,670820,1804610,16938517,1444819,0,0,87932005
306,WALES,2019,375677,80451,139719,74419,2487174,308064,85835,60804,792497,134383,0,35802,4574825
307,WALPOLE,2019,6191841,5738790,4180753,540635,45640143,5547932,731579,2432059,16904152,1620487,0,4088518,93616889
308,WALTHAM,2019,12895009,18144022,17782141,3894341,88224763,15257545,2557369,4372549,20595889,1985334,2500,10919860,196631322
309,WARE,2019,1220221,1629736,1060156,746073,16120988,1233224,672498,356259,6038120,50743,0,1655776,30783794
310,WAREHAM,2019,3714558,5855732,0,900614,33113065,2567233,575274,304002,12729000,4227172,509316,431993,64927959
311,WARREN,2019,721661,764453,197581,567267,4117082,723429,198648,211561,887007,25316,122129,271383,8807517
312,WARWICK,2019,0,0,0,0,0,0,0,0,0,0,0,0,0
313,WASHINGTON,2019,154882,25330,22078,5763,735565,463924,12400,13931,90773,957,2252,63750,1591605
314,WATERTOWN,2019,5233875,9724629,10415738,23855,48695534,9482053,1345444,3638681,33033733,2661170,4100,6168042,130426854
315,WAYLAND,2019,0,0,0,0,0,0,0,0,0,0,0,0,0
316,WEBSTER,2019,2113745,3191268,755031,448588,24014984,1505522,469958,425183,4301082,1367435,0,2871594,41464390
317,WELLESLEY,2019,14877603,6425190,5565866,647245,75717428,9170021,1372282,2973495,24948511,1262764,79326,16704655,159744386
318,WELLFLEET,2019,0,0,0,0,0,0,0,0,0,0,0,0,0
319,WENDELL,2019,0,0,0,0,0,0,0,0,0,0,0,0,0
320,WENHAM,2019,1222218,1438708,648998,154378,10203401,1394260,157848,1050205,1549371,21264,0,562245,18402896
321,WEST BOYLSTON,2019,1110445,1691403,1139171,293386,12205769,1734650,160542,465082,4793371,439525,224033,618626,24876003
322,WEST BRIDGEWATER,2019,1473716,2805238,2177997,201711,13836103,1639304,474053,456041,5545089,746579,0,3239098,32594929
323,WEST BROOKFIELD,2019,632581,602766,161153,89845,3909214,1021881,169519,231939,742559,1034,2534,47214,7612239
324,WEST NEWBURY,2019,978486,1079696,398126,422389,8054847,1416202,310356,372746,1261801,71455,0,471900,14838004
325,WEST SPRINGFIELD,2019,9028431,7781119,4962259,222827,43741035,4865925,1220361,1766875,8629127,3313523,0,5538350,91069832
326,WEST STOCKBRIDGE,2019,400266,397735,27529,19286,2833929,763053,68331,46106,335078,1595,23037,296171,5212116
327,WEST TISBURY,2019,1592924,1250559,449325,724280,10519956,438713,614894,891457,1404311,193440,0,1029798,19109657
328,WESTBOROUGH,2019,3241543,3662068,5589776,422054,51185386,4394410,1043024,1446840,16117362,554126,58836,10522476,98237901
329,WESTFIELD,2019,7958186,7955188,5510174,1294690,61567388,7620113,1478577,1232609,12660048,5479923,9950,7139649,119906495
330,WESTFORD,2019,5008278,5233294,3548130,1361661,59160406,5916154,1137006,1952740,15735326,637354,1060739,6871725,107622813
331,WESTHAMPTON,2019,296260,89298,54015,41628,3633619,557352,43639,92682,567265,23009,103503,249361,5751631
332,WESTMINSTER,2019,1491194,1950431,884966,475119,11083515,2806637,337696,448481,2100573,58725,2487,248571,21888395
333,WESTON,2019,4462590,3753679,4021443,272063,40634916,5705543,789631,1320355,16330735,295158,0,8545643,86131756
334,WESTPORT,2019,0,0,0,0,0,0,0,0,0,0,0,0,0
335,WESTWOOD,2019,4897656,4792311,5227074,411612,45205168,5382304,1097071,1715852,11290543,2204557,328765,6137978,88690891
336,WEYMOUTH,2019,6651771,12550946,8854439,644141,74899779,10939869,1184182,2238537,14276457,2909976,28729,10413688,145592514
337,WHATELY,2019,476919,245004,81691,115220,2840879,451390,42272,87639,611149,132050,0,131439,5215652
338,WHITMAN,2019,2007118,3258946,3677676,306909,16387315,2287609,561923,455584,3835331,191207,0,6812594,39782212
339,WILBRAHAM,2019,2755784,2560239,2120691,862084,25026119,2267161,328682,1112198,3778380,172537,0,992669,41976544
340,WILLIAMSBURG,2019,573008,212885,100035,108024,3755635,758081,99119,161388,1038699,310913,84236,565626,7767649
341,WILLIAMSTOWN,2019,1293785,1354920,0,312878,12075376,2229856,388379,637763,2070667,55662,4550,602272,21026108
342,WILMINGTON,2019,4614355,5459242,4508955,1077115,48930346,6799396,574498,2217340,8408595,3853753,621891,4230474,91295960
343,WINCHENDON,2019,1460365,1619698,1136037,293167,15399973,1274563,641618,201339,3885485,1326694,0,1350106,28589045
344,WINCHESTER,2019,7798467,4827686,4551327,274465,49974412,8452015,647889,1959049,17500519,573680,27900,12993748,109581157
345,WINDSOR,2019,305207,34722,327471,12251,1004578,476865,7493,4124,112441,0,5298,0,2290450
346,WINTHROP,2019,2822788,4076935,3081873,937126,21101697,4125800,455478,574832,9509098,1021572,0,4163675,51870874
347,WOBURN,2019,8621530,9675045,8886003,621449,64554024,8495406,1307642,2210706,29004516,3903575,0,5731748,143011644
348,WORCESTER,2019,18167238,51654596,39776482,6261623,282313441,22179960,3892620,12001053,45355279,33275131,0,52680398,567557821
349,WORTHINGTON,2019,362784,62096,123322,73281,1432435,710670,44406,20089,388889,335633,0,35731,3589336
350,WRENTHAM,2019,2413003,2472997,2626196,866963,23306730,2168403,427833,487059,6379201,778221,259780,1345508,43531894
351,YARMOUTH,2019,4360957,7859428,7342434,1527633,36353126,7495049,1532700,1899408,8154933,0,295694,1326392,78147754
Totals:,,,1300021730,1819220515,1355944811,302036065,11197464193,1315981255,376029267,469048805,3301934878,942819282,40910326,1473657875,23895069002
